WELCOME SUBMITTERS and THANK YOU! Please add newly discovered CDs with Pre-Emphasis to the top or bottom rows of the table.  An Editor will review your submission.,,,,,,,,,,,,,,,,,,,,,,,,,
Contents of this table courtesy of many dedicated CD music fans & members at Steve Hoffman forum,,,,,,,,,,,,,,,,,,,,,,,,,
,,,,,,,,,,,,,,,,,,,,,,,,,
,ARTIST,RELEASE TITLE,LABEL,CATALOG ID#,CTRY MFR,CTRY MKT,MFR,MATRIX,PE FLAG,Submitter,NOTES,Discogs URL,,,,,,,,,,,,,
add >,,,,,,,,,,,,,,,,,,,,,,,,,
add >,,,,,,,,,,,,,,,,,,,,,,,,,
add >,,,,,,,,,,,,,,,,,,,,,,,,,
add >,,,,,,,,,,,,,,,,,,,,,,,,,
add >,,,,,,,,,,,,,,,,,,,,,,,,,
add >,,,,,,,,,,,,,,,,,,,,,,,,,
add >,,,,,,,,,,,,,,,,,,,,,,,,,
add >,Willie Nelson,Angel Eyes,CBS/Sony,35DP 150,,,,35DP-150 11A3 +++++,,jfeldt,"JASRAC 3/4 black face,  inner ring: CSR COMPACT DISC 3x",,,,,,,,,,,,,,
add >,(Compilation),Reference Classics,Reference Recordings,RR-S1CD,,,"DISC MFG, INC.","W.O. # 20000T-3 RR S1CD DISC MFG., INC. (A1)",SUBQ,jfeldt,only track 8 and 20 have PE,,,,,,,,,,,,,,
add >,The Chick Corea Elektric Band,Eye of the Beholder,GRP Digital,VDJ-1146,,,Victor Musical Industries Inc,VDJ-1146-1 A1C 2 tetris blocks,SUBQ,jfeldt,,,,,,,,,,,,,,,
add >,,,,,,,,,,,,,,,,,,,,,,,,,
add >,,,,,,,,,,,,,,,,,,,,,,,,,
add >,,,,,,,,,,,,,,,,,,,,,,,,,
add >,,,,,,,,,,,,,,,,,,,,,,,,,
add >,,,,,,,,,,,,,,,,,,,,,,,,,
add >,,,,,,,,,,,,,,,,,,,,,,,,,
,"A. Nicolet,H.Holliger,C. Jaccottet",J.S. Bach / C.P.E. Bach: Trio Sonatas,COCO,70789.0,,,,,Unknown,,1984.0,,,,,,,,,,,,,,
,"A. Nicolet,H.Holliger,C. Jaccottet",J.S. Bach / C.P.E. Bach: Trio Sonatas,,,,,,,Unknown,,2005.0,,,,,,,,,,,,,,
,Accademia Claudio Monteverdi,"Tartini, Le Sonate del Tasso",Venetia; Frequenz,CVF 1,JP,IT,Denon,CVF-1 1A1 5X 69,SUBQ,Blue Gecko,Slab Dot Matrix,,,,,,,,,,,,,,
,Accept,Hungry Years,Metronome,831077-2,DD,,PolyGram,,Unknown,,,,,,,,,,,,,,,,
,Adam and the Ants,Kings of the Wild Frontier,Columbia,477902 2,,,,,"TOC, but no PE",Mike Riding,PE flag set even though PE hasn't actually been applied,,,,,,,,,,,,,,
,Akiko Yano,Gohan Ga Dekitayo,Japan Record,35JC-1,,,,,SUBQ,,,,,,,,,,,,,,,,
,Akina Nakamori,D40ME,,32XL-115,,,,,SUBQ,,1985.0,,,,,,,,,,,,,,
,Akina Nakamori,Fantasy,,35XL-1,,,Sony,35XL-1 11A2,SUBQ,,1983.0,,,,,,,,,,,,,,
,Al Di Meola,Electric Rendezvous,,35DP 30,,,,,Unknown,,,,,,,,,,,,,,,,
,Al Di Meola,Tour De Force - Live,,CDCBS 25121,JP,EU,,35DP-41 41 +++++,Unknown,,,,,,,,,,,,,,,,
,Al Di Meola,Tour De Force - Live,CBS/Sony,35DP-41,,,,35DP-41-3 1A1,SUBQ,Blue Gecko,Gold face,,,,,,,,,,,,,,
,Albert King,The Big Blues,King Records,KCD-852,US,US,,DIDX-006210 3,TOC,,1988.0,https://www.discogs.com/release/6667731-Albert-King-The-Big-Blues,,,,,,,,,,,,,
,Aldo Parisot,Bach Bachianas,Delos,D/CD 3041,US,US,Shape Optimedia,DLS-CD3041 SOI03,TOC,Blue Gecko,,,,,,,,,,,,,,,
,Alice,Best 10,,CA35-1008,,,Toshiba,CA35-1008-4 1A1,SUBQ,Downsampled,"1983, cat/no CA35-1008, Toshiba, matrix CA35-1008-4 1A1 (SUBQ)",,,,,,,,,,,,,,
,Amanda McBroom & Lincoln Mayorga,Growing Up in Hollywood Town,Sheffield Lab,CD-13,JP,US,JVC,CD 13 M6E,SUBQ,Blue Gecko,,,,,,,,,,,,,,,
,Amii Ozaki,Miracle,,PCCA-00236,,,,,TOC,Downsampled,"PCCA-00236, this is reissue from 1991, so first issue D35A-0029 from 1983 probably has PE too (TOC)",,,,,,,,,,,,,,
,Amii Ozaki,Miracle,,D140P6232-1,,,,,SUBQ,Downsampled,"D140P6232-1, released 1988, originally a part of box-set with 5 CDs (SUBQ)",,,,,,,,,,,,,,
,András Adorján & Ayako Shinozaki,Lyrical Melodies of Japan,Denon,C38-7009,JP,JP,Denon,7009 A-1Y,SUBQ,Blue Gecko,Large Stamped Font,,,,,,,,,,,,,,
,André Previn,"Tchaikovsky, Symphony No. 5 in E Minor, Op. 64",Telarc,CD-80107,JP,US,Matsushita,TEL CD-80107 B M,SUBQ,Blue Gecko,Wide Font Reverse--Blank Hub,,,,,,,,,,,,,,
,Andreas Vollenweider,Behind the Gardens-Behind the Wall-Under the Tree,CBS; CBS Masterworks,"MK 37793, DIDP 20054",US,US,DADC,DIDP 20054 11A5,TOC,Blue Gecko,,,,,,,,,,,,,,,
,Andreas Vollenweider,Behind the Gardens-Behind the Wall-Under the Tree,CBS; CBS Masterworks,"MK 37793, DIDP 20054",JP,US,Sony,DIDP-20054 31A7,SUBQ,Blue Gecko,Neat Font Reverse--CSR-3X Hub,,,,,,,,,,,,,,
,Andrei Gavrilov,"Scriabin 24 Preludes, Sonata No. 4, Etude Op. 42/5",EMI,CDC 7 47346 2,,,,,Unknown,Downsampled,"EMI CDC 7 47346 2, Made in Switzerland",,,,,,,,,,,,,,
,Ani DiFranco,Not So Soft,Righteous Babe,RBR002-D,US,US,ESP,3051 .,TOC,Blue Gecko,,,,,,,,,,,,,,,
,Anri,Timely!!,For Life,35KD-2,JP,JP,Nippon Columbia,35KD-2 1A7 565 2A2 64 5,Unknown,dvdmovies123,Crude dot matrix,https://www.discogs.com/release/8604885-Anri-2-%E6%9D%8F%E9%87%8C-Timely-%E3%82%BF%E3%82%A4%E3%83%A0%E3%83%AA%E3%83%BC,,,,,,,,,,,,,
,Anthony Braxton,Quartet,London,,,,,,Unknown,Downsampled,"(London) 1985 - 2CD, Leo CD LR 200/201",,,,,,,,,,,,,,
,Anthony Braxton,Six Compositions (Quartet),,,,,,,Unknown,Downsampled,1984 - Black Saint,,,,,,,,,,,,,,
,Apsaras,Apsaras,,MK 39559,,,DADC,DIDC 20138 11A1,TOC,Downsampled,"(1984, MK 39559) matrix DIDC 20138 11A1, stamped in hub: Made in USA - Digital Audio Disc Corp. Flagged in TOC.",,,,,,,,,,,,,,
,Art Garfunkel,Scissors Cut,CBS; Sony,38DP 22,JP,JP,Sony,38DP-22-18 1A1,SUBQ,Blue Gecko,Crude Font Reverse--Sony Hub,,,,,,,,,,,,,,
,Art Pepper,Darn That Dream,RealTime,RT 3009,JP,US,Sanyo,RT 3009 306112/306134,TOC,Blue Gecko,,,,,,,,,,,,,,,
,Asia,S/T,,35DP 25,,,,,Unknown,Downsampled,,,,,,,,,,,,,,,
,Aurèle Nicolet & Michio Kobayashi,"Bach, Sonatas for Flute and Harpsichord Obbligato",Denon,38C37-7058,JP,JP,Denon,7058 A-27,SUBQ,Blue Gecko,Large Stamped Font,,,,,,,,,,,,,,
,"Bachman, Turner Overdrive",Not Fragile and Four Wheel Drive,,33PD 424,,,,,Unknown,Downsampled,Japan 2fer,,,,,,,,,,,,,,
,Barbirolli/Czech PO,Franck Symphony in D Minor,Supraphon,11 0613-2 011,,,,,Unknown,Downsampled,,,,,,,,,,,,,,,
,Barbra Streisand,Greatest Hits Volume 2,,"35DP 161
CDCBS 86079",,,,DIDP 10025 41A2,Unknown,,,,,,,,,,,,,,,,
,Barbra Streisand,"Greatest Hits, Volume 2",CBS; Sony,35DP 161,JP,JP,Sony,35DP-161 41A1 +++++,SUBQ,Blue Gecko,Neat Font Reverse--CSR-3X Hub,,,,,,,,,,,,,,
,Barbra Streisand,Guilty,,CDCBS 86122,JP,EU,,81A20 +++++,SUBQ,,,,,,,,,,,,,,,,
,Barbra Streisand,Guilty,CBS; Columbia,"CK 36750, DIDP 50007",JP,US,Sony,35DP-7 91A6,SUBQ,Blue Gecko,Neat Font Reverse--Blank Hub,,,,,,,,,,,,,,
,Barbra Streisand,Guilty,,35DP 7,,,,,TOC,,,,,,,,,,,,,,,,
,Barbra Streisand,The Way We Were,Columbia,"CK 32801, DIDP 020056",US,US,DADC,DIDP 020056-2 ◊◊◊ ◊◊◊◊◊,TOC,Blue Gecko,,,,,,,,,,,,,,,
,Barbra Streisand,The Way We Were,,"CK 32801
35DP 162",,,,DIDP 20056,Unknown,,,,,,,,,,,,,,,,
,Barenboim,Schubert Symphonies 2 & 8,CBS Masterworks,MK 39676,,,,,Unknown,Downsampled,CBS Masterworks MK 39676 DIDC 20191,,,,,,,,,,,,,,
,Barry Wordsworth,"Berners, The Triumph of Neptune Suite",EMI Digital,CDC 7 47668 2,UK,EU,Nimbus,CDC 7 47668 2 :.,TOC,,,,,,,,,,,,,,,,
,"Beatles, The",Abbey Road,EMI,CP35-3016,,,,,SUBQ,,Black Triangle,,,,,,,,,,,,,,
,Bedrich Smetana,My Country,Supraphon,38C37-7241,JP,,Denon,TD-9007 1B1 57,SUBQ,SimonSaysCake,,,,,,,,,,,,,,,
,Berlin Radio Symphony Orchestra/Heinz Rögner,Schubert Symphony No. 9,,38C37-7035,,,,,Unknown,Downsampled,"38C37-7035, A-25, 7035 matrix",,,,,,,,,,,,,,
,Bernard Herrmann,North by Northwest: Original Motion Picture Score,Varese Sarabande,VCD 47205,JP,,,,Unknown,,,,,,,,,,,,,,,,
,Bert Lucarelli,The Sensual Sound of the Soulful Oboe,Special Music; Essex,"SCD 4527, DIDX 1290",JP,US,Daio Kosan,282.0,TOC,Blue Gecko,,,,,,,,,,,,,,,
,Big Audio Dynamite,This Is Big Audio Dynamite,Columbia,"CK 40220, DIDP 20460",US,US,DADC,DIDP 020460 11A9,TOC,Blue Gecko,,,,,,,,,,,,,,,
,Big Audio Dynamite,This Is Big Audio Dynamite,,CDCBS 26714,,,,,Unknown,Downsampled,,,,,,,,,,,,,,,
,Billy Harper,"Soran-Bushi, B.H.",Denon,C38-7007,JP,JP,Denon,7007 D-A6,SUBQ,Blue Gecko,Large Stamped Font,,,,,,,,,,,,,,
,Billy Joel,52nd St.,,35DP 1,JP,JP,Sony,,Unknown,Downsampled,35DP 1 - Japan for Japan / Japan for US,,,,,,,,,,,,,,
,Billy Joel,Glass Houses,,35DP 18,JP,JP,Sony,,Unknown,Downsampled,35DP 18 (Japan for Japan / Japan for US),,,,,,,,,,,,,,
,Billy Joel,Glass Houses,CBS; Columbia,"CK 36384, DIDP 50018",JP,US,Sony,35DP-18 71,SUBQ,Blue Gecko,Neat Font Reverse--CSR-3X Hub,,,,,,,,,,,,,,
,Billy Joel,Piano Man,,CDCBS 80719,JP,EU,Sony,,Unknown,Downsampled,CDCBS 80719 Japan for Europe with 35DP 109 in the matrix,,,,,,,,,,,,,,
,Billy Joel,Piano Man,,CK 32544,AT,JP,Sony,,Unknown,Downsampled,"CK 32544 Columbia, Made In Austria",,,,,,,,,,,,,,
,Billy Joel,Piano Man,,CK 32544,JP,US,Sony,,Unknown,Downsampled,"CK 32544 Columbia USA ""The Nice Price""",,,,,,,,,,,,,,
,Billy Joel,Songs In The Attic,,35DP 19,JP,JP,Sony,,Unknown,Downsampled,35DP 19,,,,,,,,,,,,,,
,Billy Joel,The Nylon Curtain,,35DP 34,JP,JP,Sony,,Unknown,Downsampled,35DP 34 (crude font matrix),,,,,,,,,,,,,,
,Billy Joel,The Stranger,,35DP 2,JP,JP,Sony,,Unknown,Downsampled,35DP 2 (crude font matrix),,,,,,,,,,,,,,
,Billy Joel,Turnstiles,,35DP 111,JP,JP,Sony,,SUBQ,Downsampled,"35DP 111 (Japan for Japan), black face with CSR x3 hub (SUBQ)",,,,,,,,,,,,,,
,BIX,Doozgle,,ZNCD033,,,,,TOC,Downsampled,"ZNCD033, 1993 (TOC)",,,,,,,,,,,,,,
,Black Sabbath,--,,,,,,,Unknown,Downsampled,“CLACD and NELCDs have it”,,,,,,,,,,,,,,
,Black Sabbath,Paranoid,Castle,,JP,UK,JVC,,SUBQ,c-eling,1986.0,,,,,,,,,,,,,,
,Bob Dylan,Bob Dylan's Greatest Hits,CBS,CK 9463 / DIDP 50099,,,,35DP-99 41A1,Unknown,Downsampled,CBS - CK 9463 / DIDP 50099 - Matrix: 35DP-99 41A1,,,,,,,,,,,,,,
,Bob Dylan,Greatest Hits,Columbia,CK 9463,US,US,CMU,1A CK09463 06,TOC,Blue Gecko,,,,,,,,,,,,,,,
,Bob Dylan,Greatest Hits,Columbia,"CK 9463, DIDP 050099",US,US,CMU,CK-09463 F2 1A 43,TOC,Blue Gecko,,,,,,,,,,,,,,,
,Bob Dylan,Real Live {V01},Columbia,"CK 39944, DIDP 50196",JP,US,Sony,32DP-196 11 +++++,SUBQ,Blue Gecko,Neat Font Reverse--CSR-3X Hub,,,,,,,,,,,,,,
,Bob James & Earl Klugh,One on One,CBS; Columbia; Tappan Zee,"CK 36241, DIDP 50010",JP,US,Sony,35DP-10-2 1B5,SUBQ,Blue Gecko,Crude Font Reverse--CSR-3X Hub,,,,,,,,,,,,,,
,Boston,Don't Look Back,Epic/Sony,35.8P-7,,,,35 8P-7-6 1A1,Unknown,Downsampled,Epic/Sony 35.8P-7 - Matrix: 35 8P-7-6 1A1 “Gold-Face” pressing / (not Epic EK 35050),,,,,,,,,,,,,,
,Boz Scaggs,Hits!,,35DP 11,,,,,Unknown,Downsampled,,,,,,,,,,,,,,,
,Boz Scaggs,Middle Man,,35DP 3,,,,,Unknown,Downsampled,,,,,,,,,,,,,,,
,Boz Scaggs,Silk Degrees,,35DP 20,,,,,Unknown,Downsampled,,,,,,,,,,,,,,,
,Boz Scaggs,Silk Degrees,,,,,,,SUBQ,Downsampled,35DP Japan For Europe (SUBQ),,,,,,,,,,,,,,
,Bruce Cockburn,Stealing Fire,A&M; AM+; Gold Mountain,"CD 80012
Boz Scaggs
 Bruce Cockburn",JP,US,Denon,CD-80012 2B4 65,SUBQ,Blue Gecko,Slab Dot Matrix,,,,,,,,,,,,,,
,Bruce Springsteen,Born to Run,CBS; Columbia,"CK 33795, DIDP 50021",JP,US,Sony,35DP-21-1 1A1,SUBQ,Blue Gecko,Crude Font Reverse--Sony Hub,,,,,,,,,,,,,,
,Bruce Springsteen,Born to Run,CBS; Columbia,"CK 33795, DIDP 50021",JP,US,Sony,35DP-21 41A2,SUBQ,Blue Gecko,Neat Font Reverse--CSR-3X Hub,,,,,,,,,,,,,,
,Bruce Springsteen,Born to Run,CBS; Columbia,"CK 33795, DIDP 50021",JP,US,Sony,35DP-21 41A6 +++++,SUBQ,Blue Gecko,Neat Font Reverse--CSR-3X Hub,,,,,,,,,,,,,,
,Bruce Springsteen,Darkness on the Edge of Town,Columbia,"CK35318, DIDP 20027",JP,US,Sony,DIDP-20027 21A3 +++++,Unknown,Downsampled,"Japan for USA - Columbia CK35318, DIDP 20027, matrix DIDP-20027 21A3 +++++, CSR x3 hub",,,,,,,,,,,,,,
,Bruce Springsteen,Darkness On The Edge Of Town,CBS/Sony,32DP 351,,,,,Unknown,Downsampled,,,,,,,,,,,,,,,
,Bruce Springsteen,Darkness On The Edge Of Town,,,,,,,Unknown,Downsampled,Japan CBS For Europe DIDP matrix),,,,,,,,,,,,,,
,Bruno Campanella,"Paisiello, Il Barbiere di Siviglia",Frequenz,CAE 2,JP,IT,Denon,CAE-2-1 1A1 5X,SUBQ,Blue Gecko,Slab Dot Matrix,,,,,,,,,,,,,,
,Bruno Walter,"Brahms, Symphony No. 1 in C Minor, Op. 68",CBS Masterworks,"MK 42020, DIDC 50085",US,US,DADC,DIDC 50085 121A2,TOC,Blue Gecko,,,,,,,,,,,,,,,
,Bruno Walter,"Mozart, Symphonies Nos. 40 & 41",CBS Masterworks,"MK 42028, DIDC 50075",US,US,DADC,DIDC 50075 31A1,TOC,Blue Gecko,,,,,,,,,,,,,,,
,Bruno Walter & Columbia Symph Orchestra,Schubert - Sym. No. 9 'The Great',CBS Masterworks,MBK-44828,US,,DADC,DIDC-070497 1 * ** *****,TOC,SimonSaysCake,Made in USA by Digital Audio Disc Corp,,,,,,,,,,,,,,
,Bruno Walter w/ Columbia Symphony Orchestra,"Symphonies 35, 39",,MK 42026 / DIDC 50073,,,,,Unknown,Downsampled,,,,,,,,,,,,,,,
,Bruno Walter w/ Columbia Symphony Orchestra,"Symphonies 40, 41",,MK 42028 / DIDC 50075,,,,,Unknown,Downsampled,,,,,,,,,,,,,,,
,Bruno Walter Wagner,"Symphony No. 8, Parsifal: Prelude & Good Friday Spell/Prelude & Karfeitagszauber",,,,,,,Unknown,Downsampled,US DADC,,,,,,,,,,,,,,
,Bruno Walter/Columbia Symphony Orchestra,Brahms: Symphony No.2,Columbia,MK 42021,,,,,Unknown,Downsampled,Columbia MK 42021 / 35DC 86,,,,,,,,,,,,,,
,Bruno Walter/Columbia Symphony Orchestra,Brahms: Symphony No.3,Columbia,MK 42022,,,,,Unknown,Downsampled,Columbia MK 42022 / 35DC 87,,,,,,,,,,,,,,
,Bruno Walter/Columbia Symphony Orchestra,Bruckner: Symphony No.4,CBS/Sony,35DC 117,JP,JP,,,Unknown,Downsampled,CBS/Sony 35DC 117,,,,,,,,,,,,,,
,Bruno Walter/Columbia Symphony Orchestra,Bruckner: Symphony No.9,CBS/Sony,35DC 114,JP,JP,,,Unknown,Downsampled,CBS/Sony 35DC 114,,,,,,,,,,,,,,
,Bruno Walter/New York Philharmonic Orchestra,Mahler: Symphony No.2,CBS/Sony,56DC131~132,JP,JP,,,Unknown,Downsampled,"2CD, CBS/Sony 56DC131~132",,,,,,,,,,,,,,
,Canadian Brass,Brass in Berlin (w/ Berlin Philharmonic Brass),CBS Masterworks,"MK 39035, DIDC 20036",JP,US,Sony,DIDC-20036 11,TOC,Blue Gecko,Neat Font Reverse--CSR-3X Hub,,,,,,,,,,,,,,
,Canadian Brass,Brass in Berlin (w/ Berlin Philharmonic Brass),CBS Masterworks,"MK 39035, DIDC 20036",JP,US,Sony,DIDC-20036 21A1 +++++,SUBQ,Blue Gecko,Neat Font Reverse--CSR-3X Hub,,,,,,,,,,,,,,
,Carpenters,Voice of the Heart,A&M,,JP,JP,Alfa,38XB-4 11A3,SUBQ,Cuyler,1983.0,,,,,,,,,,,,,,
,Casiopea,Photographs,,32XA-111,,,,,TOC,,1987.0,,,,,,,,,,,,,,
,Casiopea,Photographs,,38XA-3,,,,,SUBQ,,1983.0,,,,,,,,,,,,,,
,Cecile Licad,"Rachmaninoff, Piano Concerto No. 2",CBS Masterworks,"MK 38672, DIDC 20014",US,US,DADC,DIDC 20014 31,TOC,Blue Gecko,,,,,,,,,,,,,,,
,"Cecile Licad piano, Claudio Abbado dir","Rachmaninoff - ""Concerto 2 & Rhapsody on a Theme of Paganini""",CBS Masterworks,MK 38672,,,,DIDC 20014 101A5 +++++,SUBQ,SimonSaysCake,"CSR COMPACT DISC"" x 3, UPC: 07464386722",,,,,,,,,,,,,,
,Charles Mackerras,"Mozart, Eine Kleine Nachtmusik",Telarc,CD-80108,JP,US,Matsushita,TEL CD-80108 4,SUBQ,Blue Gecko,Wide Font Reverse--Blank Hub,,,,,,,,,,,,,,
,Charles Mackerras,"Mozart, Eine Kleine Nachtmusik",Telarc,CD-80108,JP,US,Matsushita,TEL CD-80108 5,SUBQ,Blue Gecko,Wide Font Reverse--Blank Hub,,,,,,,,,,,,,,
,Charles Mackerras/Prague Chamber Orchestra,Mozart: Eine Kleine Nachtmusik 'Posthorn' Serenade,,,,,DADC,DIDX 1404 21A1,TOC,Downsampled,DADC; pre-emphasis. DIDX 1404 21A1 neat font; DADC center hub; pre-emphasis flags in TOC,,,,,,,,,,,,,,
,Charles Mingus,Mingus,Candid Records,CD 9021,WG,,P+O Pallas,,TOC,SimonSaysCake,,,,,,,,,,,,,,,
,Charley Olsen,The Organ Concert at Our Saviour's Church,Denon,38C37-7015,JP,JP,Denon,7015 A-1Y,SUBQ,Blue Gecko,Large Stamped Font,,,,,,,,,,,,,,
,Chi,Pacific Rim,,CDJ 677,,,Discovery,,TOC,Downsampled,1988 CDJ 677 (matrix MADE BY DISCOVERY SYSTEMS - AN AMERICAN COMPANY 3LX0300a) (TOC),,,,,,,,,,,,,,
,Chiemi Hori,Best/ ~Umareta toki kara~,Canyon Records,D50A0059,,,,D50A-0059-1 11 +++++,TOC,Downsampled,"1985, Canyon D50A0059 Both CSRx3 matrixes D50A-0059-1 11 +++++ and D50A-0059-2 11 +++++ (TOC)",,,,,,,,,,,,,,
,Chiemi Hori,Lonely Universe,Canyon Records,D32A0091,,,,D32A-0091 11A2 +++++,SUBQ,Downsampled,"1985 Canyon Records, D32A0091, matrix D32A-0091 11A2 +++++, 3x CSR COMPACT DISC stamped in matrix (SUBQ)",,,,,,,,,,,,,,
,China Crisis,Working With Fire And Steel,,CDV2286,,,,,TOC,,,,,,,,,,,,,,,,
,Christina Högman & Jakob Lindberg,"Faire, Sweet & Cruell, Elizabethan Songs",BIS,CD-257,WG,US,PolyGram,BIS-CD-257 2893 986 01 #,TOC,Blue Gecko,,,,,,,,,,,,,,,
,Christopher Page,"Hildegard, A Feather on the Breath of God",Hyperion,CDA66039,UK,EU,Disctec,CDA 66039 01 .,TOC,Blue Gecko,,,,,,,,,,,,,,,
,Chuck Corea Akoustic Band,Alive,GRP,GRD-9627,US,,,5 GRD 9627-2 SRC=01 M1S2,TOC,drallim,,,,,,,,,,,,,,,
,Chuck Corea Akoustic Band,Alive,GRP,GRD-9627,,,,ICM K120401 9627 1 1 3 1 4 7 9,SUBQ,drallim,,,,,,,,,,,,,,,
,Chuck Corea Akoustic Band,S/T,GRP,GRP-9582-2,CH,,,ICM I012616 9582 1 1 2 7 5 2 9,TOC,Amateurish,,,,,,,,,,,,,,,
,Clannad,Legend,RCA,PD70188,,,,,Unknown,Downsampled,RCA PD70188 - Made in W. Germany,,,,,,,,,,,,,,
,Cliff Sarde,Honest & True,ProJazz,CDJ 685,,,Disctronics,,TOC,Downsampled,"1989, ProJazz CDJ 685, matrix MADE BY DISCTRONICS (H) W. O. 11761-1 CDJ685 flagged in TOC",,,,,,,,,,,,,,
,Clifford Jordan Quartet,"""Repetition""",Soul Note,SN 1084 CD,FR,,,SN 1084 MPO 03,TOC,SimonSaysCake,COMPACT DISC MPO FRANCE 12,,,,,,,,,,,,,,
,Coil,Horse Rotorvator,,,,,,,Unknown,Downsampled,ROTA CD1,,,,,,,,,,,,,,
,Cosmos & Their L.A. Friends,Session V,Yamaha,YCD8501,,,,,Unknown,earshot,1985.0,,,,,,,,,,,,,,
,Count Basie,Basie in Europe,,LRC C38-7481,JP,JP,Denon,,SUBQ,,,,,,,,,,,,,,,,
,Count Basie & His Orchestra,Basie in Europe,Lester Recording Catalog; Denon,C38-7481,JP,JP,Denon,33C38-7481 1A3 57 8,SUBQ,Blue Gecko,Slab Dot Matrix,,,,,,,,,,,,,,
,Czech Philharmonic Orchestra/Sir Charles Mackerras,Janáček Glagolitic Mass,,33C37-7448,,,,,SUBQ,Downsampled,"33C37-7448, C37-7448, 1A8 5Z matrix (SUBQ)",,,,,,,,,,,,,,
,Dan Fogelberg,Phoenix,Full Moon/Epic,EK 35634,US,US,,DIDP 20037 12,Unknown,Downsampled,Full Moon/Epic EK 35634 / DIDP 020037 - Manufactured In U.S.A. / Matrix DIDP 20037 12,,,,,,,,,,,,,,
,Dan Fogelberg,Phoenix,Full Moon/Epic,EK 35634,JP,,Sony,DIDP 20037 21A2,SUBQ,Downsampled,"Full Moon/Epic EK 35634 - Made in Japan - Manufactured by CBS/Sony Records, Inc. in clear hub - matrix DIDP 20037 21A2",,,,,,,,,,,,,,
,Dan Fogelberg,Souvenirs,Full Moon/Epic,EK 33137,JP,,,DIDP-20045 21A1 +++++,Unknown,Downsampled,Full Moon/Epic EK 33137 - Made in Japan - matrix DIDP-20045 21A1 +++++,,,,,,,,,,,,,,
,Daniel Barenboim,"Schubert, Symphonies Nos. 2 & 8",CBS Masterworks,"MK 39676, DIDC 20191",US,US,DADC,DIDC 20191 11A3,TOC,Blue Gecko,,,,,,,,,,,,,,,
,Dave Grusin,Discovered Again,Sheffield Lab,CD-5,JP,US,JVC,CD 5 1,SUBQ,Blue Gecko,,,,,,,,,,,,,,,
,Deep Purple,Machine Head,EMI,CDP 7 46242 2,UK,,,,Unknown,,,,,,,,,,,,,,,,
,Depeche Mode,A Broken Frame,Vogue,,FR,,MPO,,TOC,Downsampled,Vogue MPO France #03 Barcode-0 743211 250221. PE may be limited to only French manufactures as I haven't run across any others that do. (TOC),,,,,,,,,,,,,,
,Depeche Mode,Construction Time Again,Mute,INT. 846.807,DE,,,INT 846807 2893 285 02,SUBQ,Downsampled,"W.German Mute INT. 846.807, Dark Stripe Silver Hub-Matrix INT 846807 2893 285 02 (SUBQ)",https://www.discogs.com/release/407635-Depeche-Mode-Construction-Time-Again,,,,,,,,,,,,,
,Dezső Ránki,Plays Franz Liszt,Denon,C37-7547,JP,JP,Denon,C37-7547 1A1 57,SUBQ,Blue Gecko,Slab Dot Matrix,,,,,,,,,,,,,,
,Dice of Dixie Crew,1st Throw,Inak,inak 811 CD,JP,US,Sanyo,INAK 811 409262,TOC,Blue Gecko,,,,,,,,,,,,,,,
,Duo Crommelynck,"Brahms, Hungarian Dances for Piano Duet, WoO 1",Pavane,ADWC7042,JP,US,Sony,ADMC-7042 21A1,SUBQ,Blue Gecko,Neat Font Reverse--CSR-3X Hub,,,,,,,,,,,,,,
,"Earth, Wind & Fire",Powerlight,CBS,CDCBS 25120,JP,EU,,,Unknown,Downsampled,"CBS CDCBS 25120, Made in Japan for Europe, 35DP-44 in matrix",,,,,,,,,,,,,,
,"Earth, Wind & Fire",Powerlight,CBS/Sony,35DP 44,,,,,Unknown,Downsampled,,,,,,,,,,,,,,,
,"Earth, Wind & Fire",Raise!,CBS,CDCBS 85272,JP,EU,,,Unknown,Downsampled,"CBS CDCBS 85272, Made in Japan for Europe, 35DP-15 in matrix",,,,,,,,,,,,,,
,"Earth, Wind & Fire",Raise!,CBS; Columbia,"CK 37548, DIDP 50015",JP,US,Sony,35DP-15 21A2,SUBQ,Blue Gecko,Neat Font Reverse--Sony Hub,,,,,,,,,,,,,,
,"Earth, Wind & Fire",Raise!,,35DP 15,,,,,Unknown,Downsampled,,,,,,,,,,,,,,,
,Eiji Kitamura,"Swingin' Age, Part 1",AB Sound,"ABS5001, R800052",JP,JP,Sanyo,ABS 5001 311171,TOC,Blue Gecko,,,,,,,,,,,,,,,
,Eikichi Yazawa,Yazawa,Warner-Pioneer,32XL-97,,,,32XL-97 11A6 +++++,SUBQ,Downsampled,"first released 1981 on LP, this is first CD issue - Warner-Pioneer 32XL-97, from 1985, matrix 32XL-97 11A6 +++++) (SUBQ)",,,,,,,,,,,,,,
,Electric Light Orchestra,Discovery,Jet,35DP 24,JP,JP,,,Unknown,Downsampled,"35DP 24 / Austria, epic 450083 2/ JET-500 11 / Jet ZK 35769 Japan",,,,,,,,,,,,,,
,Electric Light Orchestra,Discovery,,ZK35769,JP,US,,,SUBQ,Downsampled,Japan For US 35DP ZK35769 (SUBQ),,,,,,,,,,,,,,
,Electric Light Orchestra,Discovery,,JET200,,,,,TOC,Downsampled,"Austria ""Two Originals"" Fatboy box - JET200 in the matrix TOC",,,,,,,,,,,,,,
,Electric Light Orchestra,Discovery,,CSCS 6006,,,,,SUBQ,Downsampled,"CSCS 6006, same peaks as 35DP (SUBQ)",,,,,,,,,,,,,,
,Electric Light Orchestra,Secret Messages,,35DP 72,,,,,Unknown,Downsampled,35DP 72 / ZK38490,,,,,,,,,,,,,,
,Electric Light Orchestra,Secret Messages,Epic,462487 2,,,DADC,,Unknown,Downsampled,"DADC Austria Blue Stripe Epic 462487 2 JET-527 Matrix (TOC). For Secret Messages, all Pre-Remaster pressings carry it except for the Japan CSCS",,,,,,,,,,,,,,
,Eliahu Inbal,"Mahler - ""Sym. No. 4""",Denon,C37-7952,JP,,Denon,C37-7952 1a18 81 2,SUBQ,SimonSaysCake,Dot matrix font,https://www.discogs.com/release/11050937-Gustav-Mahler-Frankfurt-Radio-Symphony-Orchestra-Helen-Donath-Eliahu-Inbal-Symphony-No-4,,,,,,,,,,,,,
,Eliahu Inbal,"Mahler, Symphony No. 8",Denon,CO-1564,JP,US,Denon,CO-1564 1D1 C 01 22 24,SUBQ,Blue Gecko,Matrix,,,,,,,,,,,,,,
,Eliahu Inbal / Frankfurt Radio Symphony Orchestra,"Mahler: Symphonies 1-10, Das Lied von der Erde",Brilliant,92005.0,,,Denon,,Unknown,drh,"15 CDs, All have PE except syms. 7 and 8 and Das Lied",,,,,,,,,,,,,,
,"Emma Kirkby, Christopher Page","Gothic Voices with Emma Kirkby, Christopher Page, Sequences and Hymns by Abbess Hildegard of Bingen",Hyperion,CDA66039,,,,,Unknown,drh,rec. 14 Sept. 1981,,,,,,,,,,,,,,
,Eri Ohno,Easy to Love,Denon; Interface,38C38-7085,JP,JP,Denon,7085 A-11,SUBQ,Blue Gecko,Small Stamped Font,,,,,,,,,,,,,,
,Eri Ohno,"Eri, My Dear",Denon,38C38-7016,JP,JP,Denon,7016 A-12,SUBQ,Blue Gecko,Large Stamped Font,,,,,,,,,,,,,,
,Fattburger,One of a Kind,Bellaphon; Optimism,GBJCD2001,FR,EU,Lordisc Digipress,GBJCD 2001 02.,TOC,Blue Gecko,,,,,,,,,,,,,,,
,"Felicity Lott, Graham Johnson",piano - Felicity Lott Sings Schubert,IMP Classics,PCD 2016,,,,,Unknown,drh,rec. 6 and 7 Feb. 1988,,,,,,,,,,,,,,
,Fiction Factory,Throw The Warped Wheel Out,Columbia/Rewind,480523 2,UK,,,,Unknown,Theadmans,,,,,,,,,,,,,,,
,"Flock Of Seagulls, A",A Flock Of Seagulls,Jive/Arista,JRCD 8011,JP,,,,Unknown,Downsampled,Jive/RCA US 1007-2-J; Jive/Arista JRCD 8011 - Made in Japan,,,,,,,,,,,,,,
,"Flock Of Seagulls, A",S/T,Jive/RCA,1007-2-J,US,US,Disctronics,W.O. 14706-1 10072J,TOC,jaynyc,,,,,,,,,,,,,,,
,Freddie Hubbard,Back to Birdland,RealTime,RT 3005,JP,US,Sanyo,RT 3005 305242,TOC,Blue Gecko,,,,,,,,,,,,,,,
,Frida,Shine,Polar,POLCD 390,,,,,Unknown,,,,,,,,,,,,,,,,
,Fumi Hirano,Fumiのラムソング,Canyon,D32G0011,JP,JP,"Canyon Records, Inc.",,SUBQ,DiabloG,,https://www.discogs.com/release/16047556-%E5%B9%B3%E9%87%8E%E6%96%87-Fumi%E3%81%AE%E3%83%A9%E3%83%A0%E3%82%BD%E3%83%B3%E3%82%B0,,,,,,,,,,,,,
,Gazebo,Gazebo,,35DP 135,,,,,Unknown,Downsampled,35DP 135,,,,,,,,,,,,,,
,Gene Cossman,"Let's Got to the Movies, 'Flash Dance' and Other Favorites",Denon,38C32-7074,JP,JP,Denon,7074 A-2Z,SUBQ,Blue Gecko,Large Stamped Font,,,,,,,,,,,,,,
,Generation Band,Soft Shoulder,Nautilus,"NR62, DIDZ 10013",JP,US,Sony,DIDZ-10013 31,SUBQ,Blue Gecko,Neat Font Reverse--CSR-3X Hub,,,,,,,,,,,,,,
,Genesis,Genesis,"Virgin, Charisma",GEN CD1,,,,☐ 814 287-2 01 ☐,SUBQ,jaynyc,"Cyan face CD, center hub aluminum, very large CDDA logo.",https://www.discogs.com/release/5078951-Genesis-Genesis,,,,,,,,,,,,,
,Genesis,Genesis,,,WG,,,,Unknown,Downsampled,WG Target and Vertigo 800 series CD's,,,,,,,,,,,,,,
,Genesis,Land of Confusion,Virgin,SNEG 3 12,,,,,Unknown,Downsampled,Single - Virgin SNEG 3 12,,,,,,,,,,,,,,
,Geoffrey Simon,Holst: The Planets London Symphony,,,,,,,TOC,Downsampled,LaserLight Tracks 1-7 (TOC),,,,,,,,,,,,,,
,George Duke,Guardian of the Light,Epic/Sony,35·8P 20,,,,35 8P 20 11A1,SUBQ,Downsampled,"1983, catalog 35 8P 20, Epic/Sony, Matrix: 35 8P 20 11A1 (SUBQ)",,,,,,,,,,,,,,
,George Yanagi,Vacancy,,35XL-8,,,,35XL-8 11A6 +++++,SUBQ,Downsampled,"rel. 1983, cat/no 35XL-8, matrix: 35XL-8 11A6 +++++ (SUBQ)",,,,,,,,,,,,,,
,George Yanagi & Rainy Wood,Woman And I... (Old Fashioned Love Songs),,35XL-34,,,Sony,35XL-34 11A2,Unknown,Downsampled,"cat/no 35XL-34, matrix 35XL-34 11A2, CSR",,,,,,,,,,,,,,
,Gigi D'Agostino,L'Amour Toujours II,,ZYX 20714-2,,,,,Unknown,Downsampled,ZYX 20714-2,,,,,,,,,,,,,,
,Glenn Gould,"Bach - ""The Goldberg Variations""",CBS Masterworks,MK 37779,JP,,,38DC-35 21C2,SUBQ,SimonSaysCake,"CSR COMPACT DISC"" x 3",,,,,,,,,,,,,,
,Glenn Gould,"Bach, The Goldberg Variations, BWV 988 (1981 recording)",CBS Masterworks,"MK 37779, DIDC 50035",JP,US,Sony,38DC-35 21,SUBQ,Blue Gecko,Neat Font Reverse--CSR-3X Hub,,,,,,,,,,,,,,
,Glenn Gould,"Bach, The Goldberg Variations, BWV 988 (1981 recording)",CBS Masterworks,"MK 37779, DIDC 50035",JP,US,Sony,38DC-35 71A3 +++++,SUBQ,Blue Gecko,Neat Font Reverse--CSR-3X Hub,,,,,,,,,,,,,,
,Glenn Gould,"Bach, The Goldberg Variations, BWV 988 (1981 recording)",CBS Masterworks,"MK 37779, DIDC 50035",JP,US,Sony,38DC-35 71A3 +++++,SUBQ,Blue Gecko,Neat Font Reverse--CSR-3X Hub,,,,,,,,,,,,,,
,"Glenn Miller Orchestra, The","A Memorial for Glenn Miller, Volume 1",Accord,139201.0,FR,EU,MPO,MCD 139201 01 .,TOC,Blue Gecko,,,,,,,,,,,,,,,
,Go-Go's,Talk Show,International Record Syndicate,35DP 146,JP,JP,Sony,,Unknown,Downsampled,35DP 146,,,,,,,,,,,,,,
,Go-Go's,Talk Show,CBS/Sony,CSCS 6047,JP,JP,Sony,,Unknown,Downsampled,CSCS 6047,,,,,,,,,,,,,,
,Graciela Susana,Adoro/La Reine De Saba,,CA35-1004,,,,CA35-1004-11 1A1,Unknown,Downsampled,"cat/no CA35-1004, matrix is CA35-1004-11 1A1",,,,,,,,,,,,,,
,Grant Johannesen,"Grieg, Piano Concerto & Peer Gynt Suites 1 & 2",MMG; Essex,MWCD 7121,JP,US,Daio Kosan,81.0,TOC,Blue Gecko,,,,,,,,,,,,,,,
,Graziano Mandozzi,Bach Handel 300,Deutsche Grammophon,415 110-2,WG,EU,PolyGram,415 110-2 01 #,TOC,Blue Gecko,,,,,,,,,,,,,,,
,Gregor Weichert,"Gregor Weichert- Schubert: Piano Sonatas D 845, 566, and 613",Accord,220542.0,,,,,Unknown,drh,rec. 1983,,,,,,,,,,,,,,
,Hans Otto,"Bach, The Grand Silbermann Organ in the Freiberg Cathedral",Denon,C37-7004,JP,JP,Denon,7004 A-1-2,SUBQ,Blue Gecko,Large Stamped Font,,,,,,,,,,,,,,
,Harry James and His Big Band,The King James Version,Sheffield Lab,CD-3,JP,US,JVC,CD 3 2B,SUBQ,Blue Gecko,,,,,,,,,,,,,,,
,Harry Nilsson,Harry Nilsson's Greatest Hits,RCA,PD 89081,JP,EU,Denon,PD89081 A-2Y,SUBQ,Blue Gecko,Large Stamped Font,,,,,,,,,,,,,,
,Heinz Balli,Organ Concert at the Stadtkirche St. Nikolaus,Denon,38C37-7068,JP,JP,Denon,7068 A-1X,SUBQ,Blue Gecko,Large Stamped Font,,,,,,,,,,,,,,
,"Heinz Holliger, Cincinnati Symphony Orchestra","Richard Strauss & Witold Lutoslawski - ""Oboe Concertii""","Japan Vox Cum Laude, MMG",MCD-10006,JP,,Matsushita,MCD-10006 2,SUBQ,,"MADE BY MATSUSHITA ELECTRIC IND.CO.LTD.Technics, UPC: 04716300062",,,,,,,,,,,,,,
,Heinz Rögner,"Schubert, Symphony No. 9 in C major, D. 944 'The Great'",Denon,38C37-7035,JP,JP,Denon,7035 A-25,SUBQ,Blue Gecko,Large Stamped Font,,,,,,,,,,,,,,
,Helmuth Rilling,"Bach, Die Orgelmeisterwerke",Denon,38C37-7039,JP,JP,Denon,7039 A-15,SUBQ,Blue Gecko,Large Stamped Font,,,,,,,,,,,,,,
,Helmuth Rilling,"Bach, Die Orgelmeisterwerke",Denon,38C37-7039,JP,,Denon,7039 A-15,Unknown,jfeldt,,,,,,,,,,,,,,,
,Herb Alpert,Rise,,38XB-6,JP,JP,Sony,,SUBQ,Downsampled,"A&M Records 38XB-6, 1st Japanese pressing with partial black design CSR. (SUBQ)",,,,,,,,,,,,,,
,Herbert Blomstedt,"Mozart, Symphonies Nos. 40 & 41 {V02}",Denon,38C37-7022,JP,JP,Denon,C37-7022 3C1 69,SUBQ,Blue Gecko,Slab Dot Matrix,,,,,,,,,,,,,,
,"Herbert Blomstedt, Staatskapelle Dresden","Bruckner - ""Sym. No. 7 in E Maj.""",Denon,38C37-7286,JP,,Denon,38C37-7286 1A3 51,SUBQ,SimonSaysCake,,,,,,,,,,,,,,,
,Herbie Hancock Trio,Herbie Hancock Trio with Ron Carter + Tony Williams,CBS; Sony,38DP 17,JP,JP,Sony,38DP-17-14 1A1,SUBQ,Blue Gecko,Neat Transitional Font Reverse--CSR-3X Hub,,,,,,,,,,,,,,
,Hiroko Nakamura,Chopin Album,CBS; Sony,38DC 15,JP,JP,Sony,38DC-15-6 1A7,SUBQ,Blue Gecko,Neat Transitional Font Reverse--Blank Hub,,,,,,,,,,,,,,
,Hiroko Nakamura,"Mussorgsky, Pictures at an Exhibition",CBS; Sony,38DC 39,JP,JP,Sony,38DC-39-8 1A1,SUBQ,Blue Gecko,Crude Font Reverse--Blank Hub,,,,,,,,,,,,,,
,Holliger Wind Ensemble,"Handel, Trio Sonatas",Denon,38C37-7026,JP,JP,Denon,7026 A-12,SUBQ,Blue Gecko,Small Stamped Font,,,,,,,,,,,,,,
,Horenstein,Mahler Symphony No. 1,Unicorn-Kanchana,UKCD2012,UK,,PDO,UKCD2012 19832811 03,TOC,jfeldt,outer ring: IFPI L134 inner ring: IFPI 0450,,,,,,,,,,,,,,
,Howard Jones,Human's Lib,Elektra,9 60346-2,JP,US,,,TOC,Downsampled,Elektra 9 60346-2/WEA 2 40335-2 - Japan for US (TOC),,,,,,,,,,,,,,
,Howard Jones,Human's Lib,,,WG,,,,SUBQ,Downsampled,W.German Target #01 (SUBQ),,,,,,,,,,,,,,
,Huey Lewis and the News,Huey Lewis and the News,Chrysalis,CCD 1292,JP,,,,Unknown,Downsampled,Chrysalis CCD 1292 - Made in Japan,,,,,,,,,,,,,,
,Huguette Dreyfus,Bach: Works For Harpsicord,,38C37-7233,,,,,SUBQ,Downsampled,38C37-7233 [1984],,,,,,,,,,,,,,
,Huguette Dreyfus,"Couperin, Pièces de clavecin",Denon,38C37-7070,JP,JP,Denon,7070 A-1X,SUBQ,Blue Gecko,Large Stamped Font,,,,,,,,,,,,,,
,Huguette Dreyfus,Scarlatti: 14 Sonatas,,,,,,,SUBQ,Downsampled,"Denon 38C37-7095, Japan [1984]",,,,,,,,,,,,,,
,"Human League, The",Dare!,Virgin,CDV 2192,,,,,TOC,Spaceboy,,,,,,,,,,,,,,,
,I Solisti Italiani,"Mendelssohn: Octet, String Symphonies 6 and 10",Denon,CO-73185,,,,,Unknown,drh,rec. July and October 1988,,,,,,,,,,,,,,
,I Solisti Italiani,"Vivaldi: 12 Concerti, Op. 7",,COCO-70777/8,,,,,TOC+SUBQ,Downsampled,(COCO-70777/8) [1992; 2005 reissue] - PE flag in disc TOC / track subcode,,,,,,,,,,,,,,
,I Solisti Italiani,"Vivaldi: 12 Concerti, Op. 9 'La Cetra'",,COCO-70834/5,,,,,TOC+SUBQ,Downsampled,(COCO-70834/5) [1993; 2006 reissue] - PE flag in disc TOC / track subcode,,,,,,,,,,,,,,
,I Solisti Italiani,"Vivaldi: 6 Concerti, Op. 12",,COCO-70897,,,,,TOC+SUBQ,Downsampled,(COCO-70897) [1994; 2007 reissue] - PE flag in disc TOC / track subcode,,,,,,,,,,,,,,
,Ingrid Haebler,Mozart: Complete Piano Sonatas,Denon,83689-83693,,,,,Unknown,drh,"5 CDs rec. 1986-1991. Discs 1,3,4,and 5 have PE, Disc 2 does not",,,,,,,,,,,,,,
,Ivan Moravec,"Chopin Preludes Op. 28, Ballade in F Minor",Supraphon,11 0630-2 011,,,,,Unknown,Downsampled,Supraphon 11 0630-2 011,,,,,,,,,,,,,,
,Ivan Moravec,"Schumann Concerto, Franck Symphonic Variations",Supraphon,11 0650-2 011,,,,,Unknown,Downsampled,Supraphon 11 0650-2 011,,,,,,,,,,,,,,
,"Jacksons, The",Triumph,,CDEPC 86112,JP,EU,,,TOC,,,,,,,,,,,,,,,,
,"Jacksons, The",Triumph,,EK36424,,,,32.8P-181,TOC,,,,,,,,,,,,,,,,
,Jacques Rouvier,"Debussy, Children's Corner & La plus que lente",Denon,C37-7372,JP,JP,Denon,C37-7372 1B3 5X,SUBQ,Blue Gecko,Slab Dot Matrix,,,,,,,,,,,,,,
,Jacques van Oortmerssen,"Sweelinck, Organ Works",Denon,38C37-7024,JP,JP,Denon,7024 A-14,SUBQ,Blue Gecko,Large Stamped Font,,,,,,,,,,,,,,
,Jamaaladeen Tacuma,Show Stopper,Gramavision,GRCD8301,JP,US,Sony,GRCD-8301 11A5,TOC,Blue Gecko,Neat Font Reverse--CSR-3X Hub,,,,,,,,,,,,,,
,James Newton Howard,James Newton Howard & Friends,Sheffield Lab,CD-23,JP,US,JVC,CD 23 2,SUBQ,Blue Gecko,,,,,,,,,,,,,,,
,James Tocco,"Bernstein, Complete Works for Solo Piano",Pro-Arte Digital,CDD 109,JP,US,Matsushita,IS CDD-109 2,SUBQ,Blue Gecko,Narrow Font Normal--Blank Hub,,,,,,,,,,,,,,
,Japan,Tin Drum,,32VD-1016,,,,,Unknown,Downsampled,32VD-1016 & VJCP-23056 (1991 Japanese reissue),,,,,,,,,,,,,,
,Japan,Tin Drum,,VJCP-23056,,,,,Unknown,Downsampled,,,,,,,,,,,,,,,
,Jean-Jacques Kantorow,"Beethoven, Violin Concerto in D major, Op. 61",Denon,33C37-7508,JP,JP,Denon,C37-7508 1A1 59,SUBQ,Blue Gecko,Slab Dot Matrix,,,,,,,,,,,,,,
,Jean-Jacques Kantorow & Jacques Rouvier,"Franck & Ravel, Sonatas for Violin & Piano",Denon,38C37-7079,JP,JP,Denon,C37-7079 1B5 5Y 61,SUBQ,Blue Gecko,Slab Dot Matrix,,,,,,,,,,,,,,
,Jean-Joël Barbier,"Satie, Œuvres Pour Piano, Volume 1",Accord,149564.0,FR,EU,MPO,149564 01,TOC,Blue Gecko,,,,,,,,,,,,,,,
,Jean-Michel Jarre,Zoolook,Polydor; PolyGram,823 763-2,WG,EU,PolyGram,823 763-2 02 ✳,TOC,Blue Gecko,,,,,,,,,,,,,,,
,Jean-Pierre Rampal & Isaac Stern & Mstislav Rostropovich,"Haydn, London Trios & Divertissements",CBS Masterworks,MK 37786; DIDC 50042,JP,US,Sony,38DC-42-1 1A2,SUBQ,Blue Gecko,Crude Font Reverse--Blank Hub,,,,,,,,,,,,,,
,Jeff Beck,There And Back,,35·8P-5,,,,,Unknown,Downsampled,35·8P-5,,,,,,,,,,,,,,
,Jerzy Semkow,"Wagner, Overtures, Preludes & Selections",MMG; Essex,MWCD 7113,JP,US,Daio Kosan,70.0,TOC,Blue Gecko,,,,,,,,,,,,,,,
,Jethro Tull,Aqualung,Chrysalis,CCD 1044,WG,,,CCD 1044 2891438 01 AO,SUBQ,Downsampled,"CCD 1044; Chrysalis grey face; West Germany, 1984; CCD 1044 2891438 01 AO (SUBQ)",,,,,,,,,,,,,,
,Jethro Tull,Minstrel in the Gallery,,CDP 32 1082-2,,,,,Unknown,Downsampled,CDP 32 1082-2,,,,,,,,,,,,,,
,Jethro Tull,The Broadsword and the Beast,,CCD 1380,,,,,Unknown,Downsampled,CCD 1380,,,,,,,,,,,,,,
,Jethro Tull,This Was,Chrysalis,CCD-1041,UK,,Nimbus,CCD-1041 MASTERED BY NIMBUS,Unknown,Downsampled,"CDP 32 1041 2 / Chrysalis CCD-1041 - Matrix ""CCD-1041 MASTERED BY NIMBUS""",,,,,,,,,,,,,,
,Jethro Tull,Under Wraps,Chrysalis,610 203,WG,,,,Unknown,Downsampled,Chrysalis 610 203 made in West-Germany (1984),,,,,,,,,,,,,,
,Jo Jones,"Our Man, Papa Jo!",Denon,38C38-7047,JP,JP,Denon,7047 A-18,SUBQ,Blue Gecko,Large Stamped Font,,,,,,,,,,,,,,
,Joan Baez,"Joan Baez, Volume 1",Vanguard,VMD-2077,US,US,DADC,DIDX-066793 01 ◊ ◊◊ ◊◊◊◊◊◊◊◊,TOC,Blue Gecko,IFPI,,,,,,,,,,,,,,
,Joan Baez,"Joan Baez, Volume 2",Vanguard,VMD 2097-2,US,US,DADC,DIDX-066762 01 ◊ ◊◊ ◊◊◊◊◊◊◊◊,TOC,Blue Gecko,IFPI,,,,,,,,,,,,,,
,Joan Baez,Live Europe 83: Children of the Eighties,Ariola,610 186_880,JP,,,,Unknown,Downsampled,Ariola 610 186_880 - Made in Japan,,,,,,,,,,,,,,
,John Kay & Steppenwolf,Wolftracks,Nautilus,"NR53, DIDZ 10010",JP,US,Sony,DIDZ-10010 11,SUBQ,Blue Gecko,Neat Font Reverse--Sony Hub,,,,,,,,,,,,,,
,John Kozar,"American Piano Music, Volume 3: Emerson Whithorne",Preamble,PRCD 1786,,,,,Unknown,drh,1990.0,,,,,,,,,,,,,,
,John McLaughlin,Devotion,,,,,,,Unknown,Downsampled,CD made in Switzerland by I.C.M.,,,,,,,,,,,,,,
,"John McLaughlin, Al Di Meola, Paco De Lucia",Friday Night In San Francisco,,35DP-9,JP,JP,,35DP-9-2 1A2,Unknown,Downsampled,35DP-9 / matrix: 35DP-9-2 1A2 “Gold-Face” pressing,,,,,,,,,,,,,,
,John Williams,A Portrait of John Williams,CBS/Sony,38DC 68,,,,38DC-68 11A2,SUBQ,SimonSaysCake,"hub ""CSR COMPACT DISC"" x3",,,,,,,,,,,,,,
,John Williams,Albéniz: Echoes of Spain,,MK 36679,JP,US,,38DC-30 111C1,Unknown,Downsampled,MK 36679; 38DC-30; CSR Japan for US; MK 36679; DIDC 50030; matrix: 38DC-30 111C1,,,,,,,,,,,,,,
,Jonathan Butler,7th Avenue,ProJazz,CDJ 0675,US,US,Discovery,3DC0700A,TOC,Blue Gecko,,,,,,,,,,,,,,,
,Jørgen Ernst Hansen,Invitation to the Baroque Music,Denon,38C37-7037,JP,JP,Denon,7037 A-46,SUBQ,Blue Gecko,Large Stamped Font,,,,,,,,,,,,,,
,Jørgen Ernst Hansen,Invitation to the Baroque Music,Denon,38C37-7037,JP,JP,Denon,C37-7037 1A7 56,SUBQ,Blue Gecko,Slab Dot Matrix,,,,,,,,,,,,,,
,Jørgen Ernst Hansen,The Organ Concert at Holmens Church,Denon,38C37-7059,JP,JP,Denon,7059 A-49,SUBQ,Blue Gecko,Large Stamped Font,,,,,,,,,,,,,,
,Josef Suk & Smetana Quartet,"Mozart, String Quintets KV 406 & KV 614",Denon,38C37-7179,JP,JP,Matsushita,C37-7179 2 M,SUBQ,Blue Gecko,Wide Font Normal--Blank Hub,,,,,,,,,,,,,,
,Journey,Escape,,35DP 6,,,,DIDP 050006,Unknown,Downsampled,"35DP 6 / CBS CK37408, matrix DIDP 050006",,,,,,,,,,,,,,
,Journey,Frontiers,,35DP 45,JP,JP,,35DP-45 71A5 +++++,SUBQ,Downsampled,"(JP edition 35DP 45) matrix: 35DP-45 71A5 +++++, 3x CSR COMPACT DISC stamped in hub) (SUBQ)",,,,,,,,,,,,,,
,Journey,Frontiers,Sony,SRCS 6270,JP,JP,,,Unknown,Downsampled,"Japan Sony (SRCS 6270), 1993 ""Nice Price"" Line",,,,,,,,,,,,,,
,Journey,Frontiers,CBS; Columbia,"CK 38504, DIDP 50045",US,US,DADC,DIDP 50045 21A2,TOC,Blue Gecko,,,,,,,,,,,,,,,
,Journey,Frontiers,CBS; Columbia,"CK 38504, DIDP 050045",US,US,DADC,DIDP 50045 31A11,TOC,Blue Gecko,,,,,,,,,,,,,,,
,Journey,Frontiers,CBS; Columbia,CK 38504,JP,US,Denon,CK-38504 1C1 76 D,SUBQ,Blue Gecko,Slab Dot Matrix,,,,,,,,,,,,,,
,Jukka Tiensuu,The Fantastic Harpsichord,Finlandia,FACD 357,CH,US,ICM,H011309 FACD 357 1 1 2 5 5 8 5,TOC,Blue Gecko,,,,,,,,,,,,,,,
,Julio Iglesias,A Mis 33 Anos,Epic\ CBS,35 8P-13,JP,JP,,35 8P-13 31A3 +++++,Unknown,,,,,,,,,,,,,,,,
,Julio Iglesias,America,CBS,CDCBS 82846,JP,,,,Unknown,Downsampled,CBS CDCBS 82846 - Made in Japan,,,,,,,,,,,,,,
,Julio Iglesias,Emociones,CBS,CDCBS 83703,JP,EU,,35 8P-18 11A3 +++++,Unknown,,,,,,,,,,,,,,,,
,Julio Iglesias,Hey!,CBS,CDCBS 84304,JP,EU,,35 8P-21 11A6 +++++,Unknown,,,,,,,,,,,,,,,,
,Julio Iglesias,Momentos,CBS,CDCBS 25002,JP,EU,,35 8P-6 21A5 +++++,Unknown,,,,,,,,,,,,,,,,
,Julio Iglesias,Ne Nina A Mujer,CBS,CDCBS 85063,JP,EU,,35 8P-1 61A7 +++++,Unknown,,,,,,,,,,,,,,,,
,Kaoru Sudo,Tear-Drops Calendar,CBS/Sony,32DH 193,JP,JP,,32DH-193 11A2 +++++,SUBQ,Downsampled,"1985, CBS/Sony, 32DH 193, matrix 32DH-193 11A2 +++++, 3x CSR COMPACT DISC stamped in hub (SUBQ)",,,,,,,,,,,,,,
,Karla Bonoff,Wild Heart Of The Young,CBS/Sony,35DP-26,JP,JP,,,SUBQ,Downsampled,(1982) CBS/Sony 35DP-26 1st Japanese Gold-Face pressing (SUBQ),,,,,,,,,,,,,,
,Kazumi Watanabe,Lonesome Cat,,,,,,38C38-7017.C-38-7017 2A2-52 3,SUBQ,Downsampled,1978 - CD reissue from November 1982 - 38C38-7017.C-38-7017 2A2-52 3 (SUBQ),,,,,,,,,,,,,,
,"Ken Satoh, Kazuo Ohtani, Tsunehiro Izumi",New Cat’s Eye Soundtrack,Bourbon Records,32BTC-8,JP,JP,Tokuma Japan Corporation,32BTC-8 11 +++++,SUBQ,DiabloG,,https://www.discogs.com/release/17240422-Ken-Satoh-Kazuo-Ohtani-Tsunehiro-Izumi-New-Cats-Eye-Original-Sound-Track-New-%E3%82%AD%E3%83%A3%E3%83%83%E3%83%84%E3%82%A2%E3%82%A4-%E3%82%AA,,,,,,,,,,,,,
,Kenny Loggins,High Adventure,CBS,CK 38127,JP,,,35DP-40 21B3,Unknown,Downsampled,CBS CK 38127 - Made in Japan - Matrix 35DP-40 21B3 MANUFACTURED BY CBS/SONY RECORDS,,,,,,,,,,,,,,
,Kikuchi Momoko,Ocean Side,,VAP 80003-35,,,,VAP-80003 1A4-53,SUBQ,Downsampled,"VAP 80003-35, 1984, matrix VAP-80003 1A4-53, so pressed in 1985 (SUBQ)",,,,,,,,,,,,,,
,Kim Carnes,Mistaken Identity,,CP35-3018,,,,,Unknown,Downsampled,,,,,,,,,,,,,,,
,Kim Carnes,Mistaken Identity,,CP21-6067,,,,,Unknown,Downsampled,,,,,,,,,,,,,,,
,Kitaro,Best Selection,Canyon,D33R0013,JP,,,,Unknown,Downsampled,,,,,,,,,,,,,,,
,Kitaro,In Person,Canyon,P-3004,,,,,Unknown,Downsampled,,,,,,,,,,,,,,,
,Kitaro,Ki,Canyon,P-3006,,,,,Unknown,Downsampled,,,,,,,,,,,,,,,
,Kitaro,My Best,Gramavision,18-7016-2,WG,US,PDO,18-7016-2 2896 849 02 ✳,TOC,Blue Gecko,,,,,,,,,,,,,,,
,Kitaro,My Best,Gramavision,18-7016-2,WG,US,PDO,18-7016-2 2896 849 05 #,TOC,Blue Gecko,,,,,,,,,,,,,,,
,Kitaro,Oasis,Canyon,P-3002,,,,,Unknown,Downsampled,,,,,,,,,,,,,,,
,Kitaro,Oasis,Gramavision,18-7010-2,WG,,,,TOC,Downsampled,Gramavision 18-7010-2 – West Germany PDO – Red Faced cd (TOC),,,,,,,,,,,,,,
,Kitaro,Silk Road,Canyon,P-3001,,,,,Unknown,Downsampled,Canyon P-3001,,,,,,,,,,,,,,
,Kitaro,Silk Road II,Canyon,P-3003,,,,,Unknown,Downsampled,Canyon P-3003,,,,,,,,,,,,,,
,Kitaro,Silver Cloud,Geffen,24086-2,JP,,JVC,,Unknown,Downsampled,Geffen 24086-2 - Mfg. by the Victor Company of Japan,,,,,,,,,,,,,,
,Kitaro,Tunhuang,Canyon,P-3005,,,,,Unknown,Downsampled,Canyon P-3005,,,,,,,,,,,,,,
,Klaus Doldinger,Das Boot - Die Original Filmmusik,WEA,240 581-2,WG,,PDO,240 581-2 2895 277 01 # AJ,Unknown,Yost,,,,,,,,,,,,,,,
,Klaus Doldinger,Die Unendliche Geschichte - Original Filmmusik,WEA,2 50396-2,WG,,Polygram,22922 50396-2 2893 568 01 #,Unknown,,,,,,,,,,,,,,,,
,Klaus Schulze,Irrlicht,,,,,,,Unknown,Downsampled,AVI CD,,,,,,,,,,,,,,
,Kocian Quartet,"Dvořák, String Quartets Nos. 10 & 14",Denon,38C37-7235,JP,US,Denon,"C37-7235 1A3 5Z 6,3 6",SUBQ,Blue Gecko,Slab Dot Matrix,,,,,,,,,,,,,,
,"Kroumata Percussion Ensemble, The",The Kroumata Percussion Ensemble (feat. Manuela Wiesler),BIS,CD-272,WG,US,PolyGram,BIS-CD-272 2895 109 02 #,TOC,Blue Gecko,,,,,,,,,,,,,,,
,Kubelik,Bruckner Symphony 4,CBS/Sony,,JP,,Sony,FDCA-325 81 +++++,Unknown,Downsampled,CBS/Sony FDCA-325 81 +++++ CSR on inner hub),,,,,,,,,,,,,,
,Kubelik,Mozart - Symphonies 38 and 39,,38DC 4,,,,,Unknown,Downsampled,38DC 4,,,,,,,,,,,,,,
,Kumiko Yamashita,Ame no hi wa uchi ni ite,Columbia,33C31-7513,,,,,SUBQ,Downsampled,Columbia 33C31-7513 (1985 June) and Columbia CA-3580 (1989 July) matrix C31-7513 2B3 87 (SUBQ),,,,,,,,,,,,,,
,Lalo Schifrin,Ins and Outs,Nautilus,"NR51, DIDZ 10009",JP,US,Sony,DIDZ-10009 51,SUBQ,Blue Gecko,Neat Font Reverse--Sony Hub,,,,,,,,,,,,,,
,"Lazar Berman piano, Chicago Symph Orchestra, Erich Leinsdorf cond","Brahms - ""Piano Concerto No. 1 in D Minor""",CBS Masterworks,MK 35850,,,Sony,38DC-19 61A2,SUBQ,SimonSaysCake,MANUFACTURED BY CBS SONY RECORDS INC.,,,,,,,,,,,,,,
,Leo Kottke,A Shout Towards Noon,Private/RCA,2007-2-P,JP,,,32XB-86 2A3 TO,Unknown,Downsampled,Private/RCA 2007-2-P (32XB-86 2A3 TO in matrix) - Made in Japan,,,,,,,,,,,,,,
,Leonard Bernstein,"Prokofiev, Symphony No. 5 in B-flat Major, Op. 100",CBS; Sony,38DC 16,JP,JP,Sony,38DC-16-2 1A1,SUBQ,Blue Gecko,Crude Font Reverse--Blank Hub,,,,,,,,,,,,,,
,Leonard Bernstein,"Prokofiev, Symphony No. 5 in B-flat Major, Op. 100",CBS Masterworks,"MK 35877, DIDC 50016",JP,US,Sony,38DC-16 81A1,SUBQ,Blue Gecko,Neat Font Reverse--Blank Hub,,,,,,,,,,,,,,
,Leonard Bernstein,West Side Story,,CDCBS 70006,JP,,,35DP-59 41A7 +++++,SUBQ,Downsampled,CDCBS 70006 (matrix 35DP-59 41A7 +++++) (SUBQ),,,,,,,,,,,,,,
,Leonard Slatkin,"Rachmaninoff, Symphony No. 3 & Piano Concerto No. 1",MMG; Essex,MWCD 7129,JP,US,Daio Kosan,87.0,TOC,Blue Gecko,,,,,,,,,,,,,,,
,Leontyne Price,Live!,Pro-Arte Digital,CDD 231,JP,US,Matsushita,IS CDD-231 2 M,SUBQ,Blue Gecko,Wide Font Normal--Blank Hub,,,,,,,,,,,,,,
,Lincoln Mayorga & Amanda McBroom,Growing Up in Hollywood Town,,,JP,,,,Unknown,Downsampled,Sheffield Labs CD-13 - Made in Japan,,,,,,,,,,,,,,
,Lincoln Mayorga and Distinguished Colleagues,"The Missing Linc, Volume II",Sheffield Lab,CD-S10,JP,US,JVC,CD S10 M4C,SUBQ,Blue Gecko,,,,,,,,,,,,,,,
,Lionel Hampton,"L. Hampton Swings with G. Kawaguchi""",Paddle Wheel/King,K38Y-6002,,,,K38Y-6002 11A3 +++++,SUBQ,SimonSaysCake,"CSR COMPACT DISC"" x 3",,,,,,,,,,,,,,
,Lionel Richie,Can't Slow Down,Motown,"MCD06059MD, DIDX 14",JP,US,Sony,DIDX-14 11A6 (11A8) +++++,SUBQ,"Blue Gecko
SimonSaysCake",Neat Font Reverse--CSR-3X Hub,,,,,,,,,,,,,,
,Lionel Richie,Can't Slow Down,Motown,"MCD06059MD, DIDX 14",JP,US,Sony,DIDX-14 21,SUBQ,Blue Gecko,Neat Font Reverse--CSR-3X Hub,,,,,,,,,,,,,,
,Lionel Richie,Can't Slow Down,Motown,MCD06059MD,,,,MCD06059MD S8A18D,TOC,,,,,,,,,,,,,,,,
,Lionel Richie,Can't Slow Down,Motown,MCD06059MD,DE,,,MCD 06059MD 2893 337 01,SUBQ,,"Gold face disc, full aluminum hub",,,,,,,,,,,,,,
,Lionel Richie,Can't Slow Down,Motown,,US,,,MCD06059MD S8A18D,TOC,Downsampled,Motown MCD06059MD - matrix MCD06059MD S8A18D - Made in U.S.A. on CD (TOC),,,,,,,,,,,,,,
,Lionel Richie,Lionel Richie,Motown,MCD06007MD,JP,US,Sanyo,MCD 6007 402161,TOC,Blue Gecko,,,,,,,,,,,,,,,
,Lionel Richie,Lionel Richie,Motown,MCD06007MD,JP,US,CTA,MCD-6007 X-005,TOC,Blue Gecko,Neat font,,,,,,,,,,,,,,
,Lionel Richie,Lionel Richie (S/T),Motown,MCD06007MD,,,,,SUBQ,Downsampled,Motown MCD06007MD - Made in Germany (SUBQ),,,,,,,,,,,,,,
,London Mayorga and Distinguished Colleagues,"The Missing Linc, Volume II",Sheffield Labs,CD-15,JP,,,,Unknown,Downsampled,Sheffield Labs CD-15 - Made in Japan,,,,,,,,,,,,,,
,Lorin Maazel,"Beethoven, Symphony No. 5 & Schubert, Symphony No. 8",Masterworks; CBS Masterworks,"CD 36711, DIDC 1",JP,EU,Sony,38DC-1-1 1B6,SUBQ,Blue Gecko,Crude Font Reverse--Sony Hub,,,,,,,,,,,,,,
,Lorin Maazel,"Beethoven, Symphony No. 5 & Schubert, Symphony No. 8",Masterworks; CBS Masterworks,"CD 36711, DIDC 1",JP,EU,Sony,38DC-1 61A6,SUBQ,Blue Gecko,Neat Font Reverse--CSR-3X Hub,,,,,,,,,,,,,,
,Lorin Maazel,"Beethoven, Symphony No. 5 & Schubert, Symphony No. 8",CBS; Sony,38DC 1,JP,JP,Sony,38DC-1-6 1A1,SUBQ,Blue Gecko,Neat Transitional Font Reverse--Blank Hub,,,,,,,,,,,,,,
,Lorin Maazel,"Beethoven, Symphony No. 5 & Schubert, Symphony No. 8",CBS Masterworks,MK 36711,JP,US,Denon,MK-36711 1A2 74,SUBQ,Blue Gecko,Slab Dot Matrix,,,,,,,,,,,,,,
,Lorin Maazel,"Gustav Holst - ""The Planets""",CBS Masterworks,CD 37249,JP,EU,Sony,38DC-121-1 1A5,SUBQ,SimonSaysCake,"earliest crude font, MANUFACTURED BY CBS SONY RECORDS INC.",,,,,,,,,,,,,,
,Lorin Maazel,"Gustav Holst - ""The Planets""",CBS Masterworks,MK-37249,JP,US,,38DC-12 81A2,TOC,SimonSaysCake,,,,,,,,,,,,,,,
,Lorin Maazel,"Holst, The Planets, Op. 32",Masterworks; CBS Masterworks,"CD 37249, DIDC 12",JP,EU,Sony,38DC-12-1 1B4,SUBQ,Blue Gecko,Neat Transitional Font Reverse--Blank Hub,,,,,,,,,,,,,,
,"Lorin Maazel, The Cleveland Orchestra","Richard Strass - ""Ein Heldenleben""",CBS Masterworks,MY-34566,JP,,,35DC-40 51A3,SUBQ,SimonSaysCake,"hub text: ""CSR COMPACT DISC"" x 3, UPC: 07464345662",,,,,,,,,,,,,,
,"Lorin Maazel, The Cleveland Orchestra","Tchaikovsky, Symphony No. 5",CBS Masterworks,CD 36700,JP,EU,,38DC-7121A1 +++++,SUBQ,SimonSaysCake,"etched barcode, hub text: ""CSR""",,,,,,,,,,,,,,
,Loverboy,Keep It Up,,35·8P-27,JP,JP,,,SUBQ,Downsampled,35.8P -27 (SUBQ),,,,,,,,,,,,,,
,Loverboy,Keep It Up,CBS; Columbia,"CK 38703, DI8P-50027",JP,US,Sony,35 8P-27 11,SUBQ,Blue Gecko,Neat Font Reverse--CSR-3X Hub,,,,,,,,,,,,,,
,Lovro von Matacic / NHK Symphony Orchestra,Beethoven: Symphonies 2 and 7,Denon,COCO-78552,,,,,Unknown,drh,1995.0,,,,,,,,,,,,,,
,Lukas Foss,American Festival,Pro-Arte Digital,CDD-102,JP,US,Matsushita,CDD-102 2,SUBQ,Blue Gecko,Narrow Font Normal--Technics Hub,,,,,,,,,,,,,,
,Maazel,Gaite Parisienne,,35DC 52,,,,,Unknown,Downsampled,35DC 52,,,,,,,,,,,,,,
,Maazel,Wagner - Overtures,,mk 38699,,,,,Unknown,Downsampled,mk 38699,,,,,,,,,,,,,,
,Maazel & Cleveland Orch,Beethoven - Sym. No. 9 'Choral',Sony/CBS,35DC-34,JP,,,35DC-34-1-+--+--,SUBQ,SimonSaysCake,,,,,,,,,,,,,,,
,"Maazel, Cleveland Orchestra",Tchaikosvky No. 5,CBS,38DC-7,,,,,Unknown,Downsampled,CBS - 38DC-7 and Europan/American versions with 38DC-7 in hub ring area,,,,,,,,,,,,,,
,Machiko Kikuchi & Sharon Isbin,Favourite Guitar Pieces,Denon,38C37-7054,JP,JP,Denon,7054 A-17,SUBQ,Blue Gecko,Large Stamped Font,,,,,,,,,,,,,,
,Mado Robin,S/T (coloratura soprano arias),Accord,200022.0,,,,,Unknown,drh,,,,,,,,,,,,,,,
,Mamba Percussions,"Mamba Percussions, Volume 2",Pierre Verany,"PV. 784051, DIDZ 10131",JP,US,Sony,DIDZ-10131 11A1,TOC,Blue Gecko,Neat Font Reverse--CSR-3X Hub,,,,,,,,,,,,,,
,Mannheim Steamroller,Fresh Aire I,American Gramaphone,AGCD-355,JP,US,JVC,AGCD 366 3,SUBQ,Blue Gecko,,,,,,,,,,,,,,,
,Mannheim Steamroller,Fresh Aire I,American Gramaphone,AGCD-355,JP,US,JVC,AGCD 355 S8E,SUBQ,Blue Gecko,,,,,,,,,,,,,,,
,Mannheim Steamroller,Fresh Aire I,American Gramaphone,AGCD-355,JP,US,CTA,AGCD 355 X-483,SUBQ,Blue Gecko,Neat font,,,,,,,,,,,,,,
,Mannheim Steamroller,Fresh Aire II,American Gramaphone,AGCD-359,JP,US,CTA,AGCD-359 X-384,TOC,Blue Gecko,Neat font,,,,,,,,,,,,,,
,Mannheim Steamroller,Fresh Aire II,American Gramaphone,AGCD-359,JP,US,JVC,AGCD 359 2A,SUBQ,Blue Gecko,,,,,,,,,,,,,,,
,Mannheim Steamroller,Fresh Aire II,American Gramaphone,AGCD-359,JP,US,CTA,AGCD-359 X-384,SUBQ,Blue Gecko,Neat font,,,,,,,,,,,,,,
,Mannheim Steamroller,Fresh Aire III,American Gramaphone,AGCD 365,JP,US,CTA,AGCD-365 X-29,TOC,Blue Gecko,Neat font,,,,,,,,,,,,,,
,Mannheim Steamroller,Fresh Aire III,American Gramaphone,AGCD 365,JP,US,CTA,AGCD-365 X-29,SUBQ,Blue Gecko,Crude font,,,,,,,,,,,,,,
,Mannheim Steamroller,Fresh Aire V,American Gramaphone,AGCD-385,JP,US,CTA,AGCD-385 X-386,TOC,Blue Gecko,Neat font,,,,,,,,,,,,,,
,Mannheim Steamroller,Fresh Aire V,American Gramaphone,AGCD-385,JP,US,JVC,AGCD 385 M4C,SUBQ,Blue Gecko,,,,,,,,,,,,,,,
,Marcel Moyse,"Mozart, Serenade No. 10, K. 361 'Grand Partita' in B-flat for 13 Winds",Nautilus,"NR56, DIDZ 10012",JP,US,Sony,DIDZ-10012 31A1,SUBQ,Blue Gecko,Neat Font Reverse--CSR-3X Hub,,,,,,,,,,,,,,
,Mari Fujiwara,"Haydn & Boccherini, Cello Concertos",Denon,38C37-7023,JP,JP,Denon,7023 A-26,SUBQ,Blue Gecko,Large Stamped Font,,,,,,,,,,,,,,
,Maria João Pires,Mozart - Piano Sonatas Vol. 2,Denon,C37-7387,JP,,Denon,C37-7387 1A5 61,SUBQ,SimonSaysCake,,,,,,,,,,,,,,,
,Marianne Faithfull,Rich Kid Blues,Castle,CCSCD 107,JP,UK,JVC,CCSCD - 107 - T1 E : :,SUBQ,Henry66,,https://www.discogs.com/release/5880593-Marianne-Faithfull-Rich-Kid-Blues,,,,,,,,,,,,,
,Marillion,Real To Reel,,,WG,,,,Unknown,Downsampled,early WG CD,,,,,,,,,,,,,,
,Mark Knopfler,Cal,Vertigo,822 769-2,,,,,Unknown,Downsampled,Vertigo 822 769-2,,,,,,,,,,,,,,
,Marsalis,Marsalis,,CK 37574,JP,,Sony,35P-33 151A3 +++++,Unknown,Downsampled,CK 37574 & CDCBS 85404 J for E 35P-33 151A3 +++++ (first CSR Japan),,,,,,,,,,,,,,
,Marsalis,Think of One,,35DP-75,JP,JP,,,Unknown,Downsampled,35DP-75 & Japan for US - CBS CK 38641,,,,,,,,,,,,,,
,Masaki Ueda,After Midnight,CBS/Sony,CSCL 1229,,,,,TOC,Downsampled,1990 CBS/Sony CSCL 1229 ([)first issued on CD in 1983 - cat/no 35DH-42) flagged in TOC,,,,,,,,,,,,,,
,Masaki Ueda,Songs,CBS/Sony,35DH 67,,,Sony,35DH-67 21A4 +++++,Unknown,Downsampled,"35DH 67, CBS/Sony, 1983, matrix 35DH-67 21A4 +++++, CSR stamped in hub",,,,,,,,,,,,,,
,Mats Liljefors,Concerto for Oboe and Strings,CTA,PD-1003,JP,JP,Sony,PD1003,SUBQ,Blue Gecko,Crude Font Reverse--CTADD Hub,,,,,,,,,,,,,,
,Matthew Best,"Duruflé, Requiem & Four Motets",Hyperion,CDA66191,UK,EU,Disctec,CDA 66191 01,TOC,Blue Gecko,,,,,,,,,,,,,,,
,Matthew Wilder,I Don’t Speak the Language,,ZK 39112,JP,US,,35DP-136,Unknown,,,,,,,,,,,,,,,,
,Maxence Larrieu & Robert Veyron-Lacroix,Concert Royal,Denon,38C37-7069,JP,JP,Denon,7069 A-1x,SUBQ,Blue Gecko,Large Stamped Font,,,,,,,,,,,,,,
,Maynard Ferguson,Storm,Nautilus,"NR57, DIDZ 10011",JP,US,Sony,DIDZ-10011 11,SUBQ,Blue Gecko,Neat Font Reverse--CSR-3X Hub,,,,,,,,,,,,,,
,Men at Work,Business as Usual,CBS; Columbia,"CK 37978, DI8P 50015",JP,US,Sony,35 8P-15 21A6,SUBQ,Blue Gecko,Neat Font Reverse--Sony Hub,,,,,,,,,,,,,,
,Men At Work,Business As Usual,,35·8P-15,,,,,Unknown,Downsampled,35·8P-15,,,,,,,,,,,,,,
,Men At Work,Cargo,,35·8P-16,JP,JP,Sony,,Unknown,Downsampled,"CK 38660 (U.S), 35 8P-16 & CBS 461023 2 Austria (all have PE)",,,,,,,,,,,,,,
,Mercyful Fate,Melissa,,RRD9898,,,,,TOC,Downsampled,RRD9898 (TOC),,,,,,,,,,,,,,
,Merle Haggard & Willie Nelson,Pancho & Lefty,Epic,EK 37958 - DIDP 20085,,,,,Unknown,Downsampled,,,,,,,,,,,,,,,
,Michael Jackson,Off the Wall,Sony/Epic,32·8P-223,JP,,,32 8P-223 91A2 +++++,TOC,jaynyc,Vertical red stripe on cd face,,,,,,,,,,,,,,
,Michael Jackson,Off the Wall,Sony/Epic,ESCA 5407,JP,,,,Unknown,,,,,,,,,,,,,,,,
,Michael Jackson,Off the Wall,Epic/Sony Records,32·8P-233,JP,,,,TOC,Downsampled,Epic/Sony Records ESCA 5407 & 32·8P-233 made in Japan (TOC),,,,,,,,,,,,,,
,Michael Jackson,Thriller,Epic/CBS,CDEPC 85930,JP,,,35 8P-11 111A2 +++++,Unknown,Downsampled,1982 Epic/CBS CDEPC 85930 (DI8P-11); matrix: 35 8P-11 111A2 +++++,,,,,,,,,,,,,,
,Michael Tilson Thomas; Sarah Vaughan; Los Angeles Philharmonic,Gershwin Live!,MK 37277,,JP,,,35DP-57 11A5,SUBQ,Downsampled,MK 37277; 35DP-57; CSR Japan for US -- 35DP-57 11A5 (SUBQ),,,,,,,,,,,,,,
,Michel Chapuis,J.S. Bach: Works for Organ (L'Oeuvre d'Orgue),Auvidis Valois,,,,,,Unknown,drh,"14 CDs; vol 2 (4412), 5 (4415) and 6 (4416) have PE. Rec. 1967-1968.",,,,,,,,,,,,,,
,Mike Oldfield,Tubular Bells,Virgin (BMG),"90589-2, 170345D",US,US,Denon,170345D 4/88 6DA1,SUBQ,Blue Gecko,,,,,,,,,,,,,,,
,Mike Oldfield,Tubular Bells,,32VD-1010,JP,,Sony,32VD-1010 11+++++,Unknown,Downsampled,"32VD-1010, Japanese “Black Triangle” Matrix:32VD-1010 11+++++ (Sony)",,,,,,,,,,,,,,
,Mike Oldfield,Tubular Bells,,CDV 2001,WG,,,,Unknown,Downsampled,WG CDV 2001 and Japan VJD-23001,,,,,,,,,,,,,,
,Mike Oldfield,,Virgin,CDV2001,CH,,,CDV 2001 2891087 01,SUBQ,SimonSaysCake,Silver hub,,,,,,,,,,,,,,
,Miles Davis,Agharta,CBS/Sony,50DP 237~8,JP,JP,Sony,,Unknown,Downsampled,,,,,,,,,,,,,,,
,Miles Davis,E.S.P.,CBS/Sony,35DP 69,JP,JP,Sony,,Unknown,Downsampled,,,,,,,,,,,,,,,
,Miles Davis,Four and More,CBS/Sony,35DP 66,JP,JP,Sony,,Unknown,Downsampled,,,,,,,,,,,,,,,
,Miles Davis,Miles in Berlin,CBS/Sony,35DP 68,JP,JP,Sony,,Unknown,Downsampled,,,,,,,,,,,,,,,
,Miles Davis,Miles in Tokyo,CBS/Sony,35DP 67,JP,JP,Sony,,Unknown,Downsampled,,,,,,,,,,,,,,,
,Miles Davis,My Funny Valentine,CBS/Sony,35DP 65,JP,JP,Sony,,Unknown,Downsampled,,,,,,,,,,,,,,,
,Miles Davis,Pangaea,CBS/Sony,50DP 239~40,JP,JP,Sony,,Unknown,Downsampled,,,,,,,,,,,,,,,
,Miles Davis,Porgy and Bess,CBS/Sony,35DP 61,JP,JP,Sony,,Unknown,Downsampled,,,,,,,,,,,,,,,
,Miles Davis,Sketches of Spain,CBS; Columbia,"CK 08271, DIDP-50063",JP,US,Sony,35DP-63 31A2 +++++,SUBQ,Blue Gecko,Neat Font Reverse--CSR-3X Hub,,,,,,,,,,,,,,
,Miles Davis,Someday My Prince Will Come,CBS/Sony,35DP 64,JP,JP,Sony,,Unknown,Downsampled,,,,,,,,,,,,,,,
,Miles Davis,Star People,CBS/Sony,35DP 55,JP,JP,Sony,,Unknown,Downsampled,,,,,,,,,,,,,,,
,Miles Davis,The Man With The Horn,CBS/Sony,35DP 16,JP,JP,Sony,,Unknown,Downsampled,,,,,,,,,,,,,,,
,Miles Davis,The Man with the Horn,CBS; Columbia,"CDCBS 84708, DIDP 16",JP,US,Sony,35DP-16-3 1A2 1A3,SUBQ,Blue Gecko,Crude Font Reverse--CSR-3X Hub,,,,,,,,,,,,,,
,"Mills Brothers, The",22 Great Hits,Ranwood,R-7035-CD,US,US,Discovery,1170100A,TOC,Blue Gecko,,,,,,,,,,,,,,,
,Momoe Yamaguchi,33 Singles,,60DH51~2,,,,"60DH-51 11A9 +++++, 60DH-52 21 +++++",TOC,Downsampled,(1983) 60DH51~2 (CSR); CD1 matrix: 60DH-51 11A9 +++++ (SUBQ); CD2 matrix: 60DH-52 21 +++++ (TOC),,,,,,,,,,,,,,
,Montserrat Caballé,Montserrat Caballé Sings Wagner,CBS Masterworks,"MK 37294, DIDC 50047",JP,US,Sony,38DC-47-3 1A6,TOC,Blue Gecko,Crude Font Reverse--Sony Hub,,,,,,,,,,,,,,
,"Montserrat Caballé, Zuben Mehta","Richard Wagner - ""Cabille Sings Wagner""",CBS Masterworks,MK 37294,,,Sony,38DC-43-3 971,SUBQ,SimonSaysCake,"MANUFACTURED BY CBS SONY RECORDS INC., UPC: 07464372942",,,,,,,,,,,,,,
,"Moody Blues, The",Collection,Castle Records,CCSCD-105,WG,,Sonopress,SONOPRESS 8-6426 / CCSCD 105 A,TOC,SimonSaysCake,UPC: 5013428731055,,,,,,,,,,,,,,
,Mstislav Rostropovich,"Rachmaninoff, Vespers Op. 37",Erato,ECD 75319,FR,EU,MPO,ECD 75319 01 @,TOC,Blue Gecko,,,,,,,,,,,,,,,
,Murray Perahia,"Brahms, Piano Quartet No. 1 in G Minor, Op. 25",CBS Masterworks,"MK 42361, DIDC 70220",US,US,DADC,DIDC 70220 21A1,TOC,Blue Gecko,,,,,,,,,,,,,,,
,Murray Perahia,"Mozart - Piano Concerto No. 26, K.537, 'Coronation'",,MK 39224 DIDC 20031,,,,,Unknown,Downsampled,CBS digital MK 39224 DIDC 20031,,,,,,,,,,,,,,
,Murray Perahia,Mozart - Piano Concertos 17 & 18,,CSR MK 36686 DIDC 50051,JP,,Sony,,Unknown,Downsampled,CBS made in Japan by CSR MK 36686 DIDC 50051,,,,,,,,,,,,,,
,Murray Perahia,"Mozart, Concertos",CBS Masterworks,MK-36686,,,,38DC-51 91A1,Unknown,SimonSaysCake,"Hub ""CSR COMPACT DISC"" x3, UPC 07464366862",,,,,,,,,,,,,,
,Murray Perahia,"Mozart, Piano Concertos Nos. 15 & 16",CBS Masterworks,"MK 37824, DIDC 20025",JP,US,Sony,DIDC-20025 11,TOC,Blue Gecko,Neat Font Reverse--CSR-3X Hub,,,,,,,,,,,,,,
,Murray Perahia,"Mozart, Piano Concertos Nos. 15 & 16",CBS Masterworks,"MK 37824, DIDC 20025",US,US,DADC,DIDC 20025 21A3,TOC,Blue Gecko,,,,,,,,,,,,,,,
,N/A,Tchaikovsky; 1812 Overture; Beethoven; Wellington's Victory,,"MK 37252, DIDC 50009",,,,,Unknown,Downsampled,MK 37252; DIDC 50009; DADC,,,,,,,,,,,,,,
,Nancy Wilson,I'll Be a Song,Denon; Interface,38C38-7061,JP,JP,Denon,7061 A-18,SUBQ,Blue Gecko,Large Stamped Font,,,,,,,,,,,,,,
,Nancy Wilson,I'll Be a Song,Denon; Interface,38C38-7061,JP,JP,Denon,7061 A-27,SUBQ,Blue Gecko,Large Stamped Font,,,,,,,,,,,,,,
,Naoko Kawai,Collection,,33C31-7083,,,,7083 A-1Z,SUBQ,Downsampled,"cat/no: 33C31-7083, released 1983.12.21, matrix: 7083 A-1Z (SUBQ)",,,,,,,,,,,,,,
,Naoko Kawai,Stardust Garden,,33C31-7410,,,Denon,C-31-7410 2A1-55,SUBQ,Downsampled,"rel. 1985.03.05, cat/no. 33C31-7410, matrix: C-31-7410 2A1-55, Denon (SUBQ)",,,,,,,,,,,,,,
,Naoko Kawai,Summer Delicacy,,35C31-7187,,,Denon,C-31-7187 2A1-47,SUBQ,Downsampled,"Denon 35C31-7187, 1984, matrix C-31-7187 2A1-47 (SUBQ)",,,,,,,,,,,,,,
,Naoya Matsuoka,A Farewell To The Seashore,,WPC6-8122,,,,WPC6-8122 1 + ++ ++++++++,TOC,Downsampled,"1983, cat/no WPC6-8122, matrix WPC6-8122 1 + ++ ++++++++ (TOC)",,,,,,,,,,,,,,
,Neeme Järvi,"Dvořák, Cello Concerto & Waldesruhe (feat. Frans Helmerson)",BIS,CD-245,WG,US,PolyGram,BIS CD 245 2893 467 02 .,SUBQ,Blue Gecko,,,,,,,,,,,,,,,
,Neeme Järvi,"Sibelius, Symphony No. 4 & Canzonetta & The Oceanides",BIS,CD-263,WG,US,PolyGram,BIS-CD-263 2895 291 01 .,TOC,Blue Gecko,,,,,,,,,,,,,,,
,Neeme Järvi,"Tubin, Symphony No. 2 'The Legendary' & Symphony No. 6 (1954)",BIS,CD-304,JP,US,CTA,CD 304 X-363,TOC,Blue Gecko,Neat font,,,,,,,,,,,,,,
,Neil Diamond,"12 Greatest Hits, Volume II",,CK 38068,,,,,Unknown,Downsampled,CK 38068,,,,,,,,,,,,,,
,Neil Young and the Shocking Pinks,Everybody's Rockin',Geffen,771791.0,WG,,,,SUBQ,Downsampled,Geffen 4013-2 - W. Germany target (SUBQ),,,,,,,,,,,,,,
,Nena,99 Luftballoons,Epic,EK39294,JP,,,35 8P-42 11A1,Unknown,Downsampled,Epic EK39294 - Manufactured in Japan. Matrix 35 8P-42 11A1,,,,,,,,,,,,,,
,Nena,99 Luftballoons,,,,,,,Unknown,Downsampled,Epic EK39294 DI8P 050042 Japan For US,,,,,,,,,,,,,,
,New Order,Low Life,Factory,FACD 100,JP,UK,Denon,1A4 5Y Z C38-7413,SUBQ,Downsampled,FACD 100 - Japan for UK (SUBQ),https://www.discogs.com/release/1657974-New-Order-Low-life,,,,,,,,,,,,,
,New Order,Low Life,Factory,FACD 100,UK,UK,Nimbus,FACD 100 : MASTERED BY NIMBUS,Unknown,Downsampled,,https://www.discogs.com/release/262880-New-Order-Low-life,,,,,,,,,,,,,
,New Order,Low Life,,,AU,,Disctronics,,TOC,Downsampled,Australia Disctronics (TOC),,,,,,,,,,,,,,
,New York Trumpet Ensemble,"Art of the Trumpet, Madeira Festival",MMG; Essex,MCD 10001,JP,US,Matsushita,MCD-10001 2,SUBQ,Blue Gecko,Narrow Font Normal--Matsushita Hub,,,,,,,,,,,,,,
,New York Trumpet Ensemble,"Art of the Trumpet, Madeira Festival",MMG; Essex,MCD 10001,JP,US,Matsushita,MCD-10001 4,SUBQ,Blue Gecko,Narrow Font Normal--Blank Hub,,,,,,,,,,,,,,
,Nick Lowe,Pinker And Prouder Than Previous,Demon,FIEND CD 99,UK,,,,Unknown,Downsampled,"1988 Demon Records, UK; FIEND CD 99",,,,,,,,,,,,,,
,Norma Procter (contralto)/LSO/Jascha Horenstein,Mahler: Symphony 3,Unicorn-Kanchana,UKCD 2006/7,,,,,Unknown,Downsampled,"2CD, Unicorn-Kanchana UKCD 2006/7",,,,,,,,,,,,,,
,Oceans,Ridin' The Tide,,CDJ 697,,,,MADE BY DISCTRONICS (H) W.O. 12888-1 CDJ697,TOC,Downsampled,1989.0,,,,,,,,,,,,,,
,Orchestral Maneuvers In The Dark,Architecture & Morality,,CDID12,,,,,SUBQ,Downsampled,CDID12 WG Silver #01,,,,,,,,,,,,,,
,Otmar Suitner,"Beethoven, Symphony No. 3 in E-flat Major, Op. 55 'Eroica'",Denon,38C37-7011,JP,JP,Denon,7011 B-#8,SUBQ,Blue Gecko,Large Stamped Font,,,,,,,,,,,,,,
,Otmar Suitner,"Beethoven, Symphony No. 4 in B-flat Major, Op. 60",Denon,38C37-7077,JP,JP,Denon,7077 A-1Z,SUBQ,Blue Gecko,Large Stamped Font,,,,,,,,,,,,,,
,Otmar Suitner,"Beethoven, Symphony No. 6 in F Major, Op. 68 'Pastoral'",Denon,38C37-7040,JP,JP,Denon,7040 D-25,SUBQ,Blue Gecko,Large Stamped Font,,,,,,,,,,,,,,
,Otmar Suitner,"Beethoven, Symphony No. 6 in F Major, Op. 68 'Pastoral'",Denon,38C37-7040,JP,JP,Denon,7040 D-35,SUBQ,Blue Gecko,Large Stamped Font,,,,,,,,,,,,,,
,Otmar Suitner,"Beethoven, Symphony No. 9 in D Minor, Op. 125 'Choral'",Denon,38C37-7021,JP,JP,Denon,7021 B-1Y,SUBQ,Blue Gecko,Large Stamped Font,,,,,,,,,,,,,,
,Otmar Suitner,"Beethoven, Symphony No. 9 in D Minor, Op. 125 'Choral'",Denon,38C37-7021,JP,JP,Denon,C37-7021 2D3 59,SUBQ,Blue Gecko,Slab Dot Matrix,,,,,,,,,,,,,,
,Parachute,Colours,Agharta (Canyon Records),D35R0002,,,,D35R-0002 11A2 +++++,Unknown,Downsampled,"D35R0002, Agharta (Canyon Records), 1982.11, matrix D35R-0002 11A2 +++++",,,,,,,,,,,,,,
,Paul Angerer/Stuttgart Radio Symphony Orchestra,"Schubert: Overtures D. 11, 84, 190, 239, 326, 644, 647, 732, 796",Pantheon,D-07116,,,,,Unknown,drh,rec. April 1982,,,,,,,,,,,,,,
,Paul Mauriat,Transparence,Philips,824 557-2,WG,US,PolyGram,824 557-2 01 ✳,TOC,Blue Gecko,,,,,,,,,,,,,,,
,Paul McCartney,Give My Regards To Broad Street,,TOCP 6672,,,,,SUBQ,c-eling,"15 tracks, 1991",,,,,,,,,,,,,,
,Paul McCartney,Give My Regards To Broad Street,Columbia,CK 39613,,,,DIDP-20144 11A1,TOC,Cuyler,Mould CSR COMPACT DISC (x3),,,,,,,,,,,,,,
,Paul McCartney,Give my Regards to Broad Street,Columbia,"CK39613, CDP 7 46018 2",JP,,,,Unknown,Downsampled,"CDP 7 46018 2 / Columbia CK39613 (Made in Japan, 18 tracks)",,,,,,,,,,,,,,
,Paul McCartney,Give My Regards to Broad Street,Parlophone,CDP 7 46043 2,,,,,Unknown,Downsampled,Parlophone CDP 7 46043 2 - Made in UK - 15 tracks.,,,,,,,,,,,,,,
,Paul McCartney,Pipes of Peace,,CDP 7 46018 2,JP,,,,Unknown,Downsampled,,,,,,,,,,,,,,,
,Paul McCartney,Pipes of Peace,Parlophone,CDP 7 46018 2 B,WG,,Sonopress,,Unknown,Downsampled,Parlophone CDP 7 46018 2 B / Sonopress C-7659 (Made In W. Germany),,,,,,,,,,,,,,
,Paul McCartney,Tug of War,,CP35-3001,JP,,,,Unknown,Downsampled,CP35-3001 Japanese black triangle (not black face or Japan->US),,,,,,,,,,,,,,
,Paul McCartney,Tug of War,,TOCP-7952,JP,,,,TOC,Downsampled,"TOCP-7952, Made in Japan. (another number on the disc: PCTC-259-AB (TOC)",,,,,,,,,,,,,,
,Pet Shop Boys,Please,,"CDP-546271, CDP 7 46271 2 / CP32-5131",,,,,Unknown,Downsampled,US CDP-546271 and CDP 7 46271 2 / CP32-5131 (All Pre-Remaster editions carry it except for the later Japan TOCP),,,,,,,,,,,,,,
,Peter Guth,Wiener Strauss Lehar Orchestra,CTA,PD-1004,JP,JP,CTA,PD-1004,SUBQ,Blue Gecko,Neat font,,,,,,,,,,,,,,
,Peter-Lukas Graf & Heinz Holliger,"Krommer, Flute and Oboe Concertos",Claves,"3111-1, 38PO",JP,US,Sony,3111-1 31A3,SUBQ,Blue Gecko,Neat Font Reverse--CSR-3X Hub,,,,,,,,,,,,,,
,Phil Collins,Face Value,Virgin,CDV 2185,,,,CDV 2185 2891088 03,SUBQ,Downsampled,"1984, Virgin CDV 2185; matrix: CDV 2185 2891088 03; Printed in West Germany by Neef, Wittingen (SUBQ)|",,,,,,,,,,,,,,
,Philarte Quartet,"Grieg, String Quartet in G Minor Op. 27",Pro-Arte Digital,CDG 3236,US,US,Discovery,2AA0300A,TOC,Blue Gecko,,,,,,,,,,,,,,,
,Philharmonia Quartet Berlin,"Haydn, 3 String Quartets",Denon,38C37-7094,JP,US,Denon,C-37-7094 1A7-53,SUBQ,Blue Gecko,Slab Dot Matrix,,,,,,,,,,,,,,
,Philharmonia Quartet Berlin,"Schubert, String Quintet in C Major, D 956, Op. 163",Denon,C37-7601,JP,US,Denon,C37-7601 1A4 5Z,SUBQ,Blue Gecko,Slab Dot Matrix,,,,,,,,,,,,,,
,Philip Bailey,Chinese Wall,Columbia,"CK 39542, DIDP 50187",US,US,DADC,DIDP 50187 11A1,TOC,Blue Gecko,,,,,,,,,,,,,,,
,Philip Glass,Dancepieces,CBS; Columbia,"MK 39539, DIDC 70150",US,US,DADC,DIDC 70150 11A1,TOC,Blue Gecko,,,,,,,,,,,,,,,
,Pink Floyd,The Dark Side of the Moon,,CP35-3017,JP,JP,,,Unknown,Downsampled,,,,,,,,,,,,,,,
,Pink Floyd,The Final Cut,,35DP 53,JP,JP,Sony,35DP-53-3 1B1,Unknown,Downsampled,,https://www.discogs.com/release/6540452-Pink-Floyd-The-Final-Cut,,,,,,,,,,,,,
,Pink Floyd,The Wall,,50DP 361~2,JP,JP,,,Unknown,Downsampled,50DP 361~2 / CK2 and related masterings,,,,,,,,,,,,,,
,Pink Floyd,The Wall,Columbia,"C2K 36183, CK 36184",JP,US,Denon,CK-36184 2A3 6Z 71,SUBQ,Blue Gecko,Slab Dot Matrix,,,,,,,,,,,,,,
,Pink Floyd,Wish You Were Here,,35DP 4,JP,JP,,,Unknown,Downsampled,,,,,,,,,,,,,,,
,Police,Synchronicity,,38XB-2,JP,JP,Sony,,Unknown,Downsampled,38XB-2 (10 track) The 11-track 38XB-2 does not have PE,,,,,,,,,,,,,,
,Quarterflash,Quarterflash,CBS/Sony,35DP-27,JP,JP,Sony,,SUBQ,Downsampled,"(1981) CBS/Sony 35DP-27, 1st Japanese (1982) Gold-Face pressing (SUBQ)",,,,,,,,,,,,,,
,Quarterflash,Quarterflash,,,,,,,Unknown,Downsampled,Japanese target pressing,,,,,,,,,,,,,,
,Quincy Jones,The Dude,A&M Records,38XB-1,,,Sony,38XB-1 11,SUBQ,Downsampled,"A&M Records 38XB-1, matrix: 38XB-1 11 “MANUFACTURED BY CBS/SONY RECORDS INC.”, partial black face (SUBQ)",,,,,,,,,,,,,,
,Rainhard Fendrich,Weus'd A Herz Hast,,,WG,,,,TOC,Downsampled,1986 WG Polygram Silver #01 (TOC),,,,,,,,,,,,,,
,Ray Charles,The Legend Lives...,Arcade,ADEH/CD/780,WG,,Polygram,,Unknown,Downsampled,Arcade ADEH/CD/780,,,,,,,,,,,,,,
,Reimy,Pansy,Columbia,33C31-7518,,,,C31-7518 1A4 55,SUBQ,Downsampled,1985.0,,,,,,,,,,,,,,
,Reimy,Reimy,Denon,35C31-7163,,,,C31-7163 2A1 55 X,SUBQ,Downsampled,"C31-7163 2A1 55 X, Cat/no 35C31-7163, label Denon (SUBQ)",,,,,,,,,,,,,,
,REO Speedwagon,Hi Infidelity,,35·8P-4,,,,,Unknown,Downsampled,,,,,,,,,,,,,,,
,Riccardo Muti,"Bruckner, Symphony No. 4 in E-flat Major 'Romantic'",EMI Digital,CDC 7 47352 2,UK,EU,Nimbus,CDC 7 47352 2 .,TOC,Blue Gecko,,,,,,,,,,,,,,,
,"Richard Giangiulio, Paul Riedo","Music for Festive Occasions: Wedding Marches, Dances, Fanfares & Choruses",Crystal Records,CD 232,,,,,Unknown,drh,1985.0,,,,,,,,,,,,,,
,Richard Thompson,Hand of Kindness,Hannibal,HNCD 1313,,,,,Unknown,Downsampled,,,,,,,,,,,,,,,
,Ricky Skaggs,Highways & Heartaches,Epic,EK 37996,JP,,,,Unknown,Downsampled,Epic EK 37996 - Made in Japan,,,,,,,,,,,,,,
,Robert Fripp/The League of Gentlemen,God Save The King,Editions EG,EEGCD 9,,,,,Unknown,Downsampled,Editions EG EEGCD 9 Discovery Systems,,,,,,,,,,,,,,
,Roger Waters,Pros And Cons Of Hitch Hiking,"Sony
EMI/Harvest
CBS","35DP 149
CDP 7 46029 2
CK 39290",,,,,Unknown,,,,,,,,,,,,,,,,
,Roger Waters,Pros And Cons Of Hitch Hiking,Harvest,35DP 149,,,,,Unknown,Downsampled,35DP 149 Dutch EMI/Harvest (CDP 7 46029 2) / US Columbia/CBS (CK 39290),,,,,,,,,,,,,,
,Rosanne Cash,Seven Year Ache,Columbia,CK 36965,,,Pittman,1A CK36965 02,Unknown,Downsampled,Columbia CK 36965 / Matrix: 1A CK36965 02 / Inner Ring: CMU P 49 TOC Including the US DADC Pressing,,,,,,,,,,,,,,
,Ross Pople / London Festival Orchestra,Mendelssohn: Twelve String Symphonies,Hyperion,CDA66561/3,,,,,Unknown,drh,"3 CDs (rec. 1985,1988,1990). PE disc 1 tracks 13-15; disc 2 all; disc 3 tracks 1,7-9",,,,,,,,,,,,,,
,Rudolf Bibl,"Lehar, The Merry Widow",Denon,C37-7384,JP,JP,Denon,C-37-7384 1A1-52,SUBQ,Blue Gecko,Slab Dot Matrix,,,,,,,,,,,,,,
,Ryuichi Sakamoto & Danceries,The End of Asia,Denon; Better Days,38C38-7045,JP,JP,Denon,7045 A-15,SUBQ,Blue Gecko,Large Stamped Font,,,,,,,,,,,,,,
,S.Kiyotaka & Omega Tribe,Aqua City,,VAP 80001-35,,,,,SUBQ,Downsampled,"1983 VAP 80001-35, 1984 first CD edition (SUBQ)",,,,,,,,,,,,,,
,Sabine Meyer,"Mozart, Clarinet Quintet & Küffner, Introduction, Theme and Variations",Denon,38C37-7038,JP,JP,Matsushita,C37-7038 2 M,SUBQ,Blue Gecko,Narrow Font Normal--Blank Hub,,,,,,,,,,,,,,
,Sadao Watanabe,Maisha,Warner-Pioneer,32XD-4,,,,32XD-4 11A8 +++++,TOC,Downsampled,"1985, 32XD-4, Warner-Pioneer, matrix 32XD-4 11A8 +++++, target (TOC)",,,,,,,,,,,,,,
,Saga,Heads or Tales,Portrait; Columbia,"RK 38999, DIDP 20102",JP,US,Sony,DIDP-20102 11A1,SUBQ,Blue Gecko,Neat Font Reverse--CSR-3X Hub,,,,,,,,,,,,,,
,Saga,Heads or Tales,Bon Aire,258 477,,,,,Unknown,Downsampled,Bon Aire 258 477 / Polydor 815 410-2,,,,,,,,,,,,,,
,Saga,Heads or Tales,Portrait,RK 38999,JP,,,,Unknown,Downsampled,Portrait RK 38999 - Japan - tracks 5-9 only,,,,,,,,,,,,,,
,Santana,Abraxas,,35DP 58,JP,EU,,35DP-58 21A1 +++++,TOC,Blue Gecko,Neat font matrix,,,,,,,,,,,,,,
,Santana,Beyond Appearances,BMG,,,,,,Unknown,Downsampled,"2007 BMG reissue, Pre carried onto the later release",,,,,,,,,,,,,,
,Santana,Beyond Appearances,CK39527,,,,,,Unknown,Downsampled,CK39527,,,,,,,,,,,,,,
,Santana,Havana Moon,CBS/Sony,35DP 56,,,,,Unknown,Downsampled,,,,,,,,,,,,,,,
,Santana,Shango,,35DP 23,,,,,Unknown,Downsampled,,,,,,,,,,,,,,,
,Santana,Shango,,,,,,,Unknown,Downsampled,from the 2009 Original Album Classics Set,,,,,,,,,,,,,,
,Sarah Vaughan,Gershwin Live!,CBS; CBS Masterworks,"MK 37277, DIDP-50057",JP,US,Sony,35DP-57 11 (A1),SUBQ,"Blue Gecko
SimonSaysCake",Neat Font Reverse--CSR-3X Hub,https://www.discogs.com/release/6654378-Michael-Tilson-Thomas-Sarah-Vaughan-Los-Angeles-Philharmonic-Gershwin-Live,,,,,,,,,,,,,
,Seiko Matsuda,Index,CBS/Sony,35DH 14,,,Sony,35DH-14-5 1A1,SUBQ,Downsampled,"(1982) CBS/Sony 35DH 14 matrix 35DH-14-5 1A1 (neat font, not crude), ""MANUFACTURED BY CBS/SONY RECORDS INC."" (SUBQ)",,,,,,,,,,,,,,
,Seiko Matsuda,North Wind,,35DH 69,,,,35DH-69 11A5 +++++,SUBQ,Downsampled,(35DH 69) 35DH-69 11A5 +++++ (SUBQ),,,,,,,,,,,,,,
,Seiko Matsuda,TOWN,,CJD 3009,,,,,TOC,Downsampled,"1984 compilation, this is HK edition CJD 3009 (TOC)",,,,,,,,,,,,,,
,Seiko Matsuda,Utopia,,CSCL 1271,,,,DSA-522 8 + ++ ++++++++,TOC,Downsampled,CSCL 1271 c/n 38DH 39 Matrix DSA-522 8 + ++ ++++++++. (TOC),,,,,,,,,,,,,,
,Sex Pistols,Never Mind the Bollocks,Virgin,32VD-1011,JP,,,,Unknown,Downsampled,"Japan Virgin 32VD-1011 (""black triangle"")",,,,,,,,,,,,,,
,Silvio Rodríguez,Al Final de Este Viaje,,,,,,,Unknown,Downsampled,,,,,,,,,,,,,,,
,Simon & Garfunkel,Bridge Over Troubled Water,CBS/Sony,35DP-14,,,,35DP-14 1 1B4,Unknown,Downsampled,"CBS/Sony 35DP-14, Matrix: 35DP-14 1 1B4 “Gold-Face” pressing",,,,,,,,,,,,,,
,Simon & Garfunkel,Collection,,32DP 287,,,,32DP-287 71A11 +++++,Unknown,Downsampled,32DP 287 Matrix: 32DP-287 71A11 +++++ has pre-emphasis,,,,,,,,,,,,,,
,Simon & Garfunkel,The Simon and Garfunkel Collection,CBS; Columbia,"CDCBS 24005, DIDP 13",JP,EU,Sony,35DP-13 71A4 +++++,TOC,Blue Gecko,Neat Font Reverse--CSR-3X Hub,,,,,,,,,,,,,,
,Simon & Garfunkel,The Simon And Garfunkel Collection,,35DP 13,,,DADC,,TOC,Downsampled,35DP 13 and CDCBS 24005 DADC Austria (TOC),,,,,,,,,,,,,,
,Sir Charles Mackerras,"Janacek - ""Glagolitic Mass""",Supraphon,33C37-7448,JP,,,33C37-7448 778 1A8 5Z 68 9 Y,SUBQ,SimonSaysCake,dot matrix font,,,,,,,,,,,,,,
,Slide Hampton,World of Trombones,Black Lion,BLCD 760113,WG,EU,P+O,BLCD 760113 P+O-1595-A 07-88,TOC,Blue Gecko,,,,,,,,,,,,,,,
,Small Faces,The Autumn Stone,Castle Communications,CLACD 114,FR,US,MPO,CLACD 114 01 @,TOC,Blue Gecko,,,,,,,,,,,,,,,
,Smetana Quartet,"Beethoven, String Quartet No. 7 in F major, Op. 59, No. 1 'Razumovsky'",Denon,38C37-7025,JP,JP,Denon,7025 A-35,SUBQ,Blue Gecko,Large Stamped Font,,,,,,,,,,,,,,
,Smetana Quartet,"Beethoven, String Quartets Nos. 11 & 12",Denon,38C37-7063,JP,JP,Denon,7063 A-39,SUBQ,Blue Gecko,Large Stamped Font,,,,,,,,,,,,,,
,Smetana Quartet,"Beethoven, String Quartets Nos. 2 & 4",Denon,38C37-7041,JP,JP,Denon,7041 A-36,SUBQ,Blue Gecko,Large Stamped Font,,,,,,,,,,,,,,
,Smetana Quartet,"Beethoven, String Quartets Nos. 3 & 6",Denon,38C37-7049,JP,JP,Denon,7049 B-38,SUBQ,Blue Gecko,Large Stamped Font,,,,,,,,,,,,,,
,Smetana Quartet,"Mozart, String Quartet in B Flat Maj. KV458 'Hunting'",Denon,C37-7003,JP,JP,Denon,7003 B13,SUBQ,SimonSaysCake,earliest crude font in clear hub,,,,,,,,,,,,,,
,Smetana Quartet,"Mozart, String Quartets Nos. 17 & 15",Denon,C37-7003,JP,JP,Denon,7003 A-13,SUBQ,Blue Gecko,Large Stamped Font,,,,,,,,,,,,,,
,Smetana Quartet,W.A. Mozart: 2 String Quartets,,KV 458,,,,,Unknown,Downsampled,"KV 458 ""Hunt"" & KV 421 (COCO-70792) [1982; 2005 reissue]",,,,,,,,,,,,,,
,Sonny Stitt,Moonlight in Vermont,Denon,38C38-7046,JP,US,Denon,7046 A-15,SUBQ,Blue Gecko,Large Stamped Font,,,,,,,,,,,,,,
,Sonny Stitt,Moonlight in Vermont,Denon,38C38-7046,JP,US,Denon,C38-7046 4A1 63 7Z 4,SUBQ,Blue Gecko,Slab Dot Matrix,,,,,,,,,,,,,,
,Spandau Ballet,The Singles Collection,Chysalis,CCD1498,JP,,Sanyo,CCD1498 60208A,TOC,Downsampled,"(1985) – Chysalis CCD1498 – Made in Japan (Sanyo, silver face), Matrix: CCD1498 60208A (TOC)",,,,,,,,,,,,,,
,St. Louis Brass Quintet,Baroque Brass,Pro-Arte Digital,CDD 341,US,US,Discovery,600400.0,TOC,Blue Gecko,,,,,,,,,,,,,,,
,St. Louis Brass Quintet,Carnival for Brass,Pro-Arte Digital,CDD 340,JP,US,Pioneer,CDD 340,TOC,Blue Gecko,,,,,,,,,,,,,,,
,Stardust Revue,Thank You,,32XL-63,,,Sony,32XL-63 11A1,TOC,Downsampled,"1985.04.25, 32XL-63; matrix 32XL-63 11A1, CSR stamped in hub (TOC)",,,,,,,,,,,,,,
,"Stern, Zukerman, St. Paul Chamber Orchestra",J.S. Bach & Vivaldi - Concerti for 2 Violins,CBS Masterworks,MK-37278,JP,EU,,38DC-37 51 +++++,SUBQ,SimonSaysCake,"Hub ""CSR COMPACT DISC"" x 3",,,,,,,,,,,,,,
,Steve Perry,Street Talk,Columbia,"CK 39334, DIDP 20097",JP,US,Sony,DIDP-20097 21A4 +++++,SUBQ,Blue Gecko,Neat Font Reverse--CSR-3X Hub,,,,,,,,,,,,,,
,Streetheart,Streetheart,,S21 53010,,,,,Unknown,Downsampled,Canada pressing catalog #S21 53010,,,,,,,,,,,,,,
,Sugiyama Kiyotaka & Omega Tribe,Never Ending Summer,Vap,80006.0,,,,VAP-80006 2A2 92,SUBQ,Downsampled,"1984, Vap, 80006, matrix VAP-80006 2A2 92 (SUBQ)",,,,,,,,,,,,,,
,Suk Trio,"Dvořák, Trio No. 4 in E minor 'Dumky' & Suk, Elegy",Denon,38C37-7057,JP,JP,Denon,7057 A-27,SUBQ,Blue Gecko,Large Stamped Font,,,,,,,,,,,,,,
,Survivor,Eye of the Tiger,Scotti Brothers; Columbia,"ZK 38062, DIDP 20239",US,US,DADC,DIDP 20239 11A3,TOC,Blue Gecko,,,,,,,,,,,,,,,
,Survivor,Eye of the Tiger,Canyon,D32Y0039,JP,,,,Unknown,Downsampled,Japan Canyon D32Y0039,,,,,,,,,,,,,,
,Survivor,Eye of the Tiger,Scotti Brothers,ZK 38062,US,,,,Unknown,Downsampled,Scotti Brothers ZK 38062 - Made in USA - early with no check digit on barcode,,,,,,,,,,,,,,
,Survivor,Vital Signs,Canyon,D32Y0014,JP,,,,Unknown,Downsampled,Japan Canyon D32Y0014,,,,,,,,,,,,,,
,T Bone Burnett,T Bone Burnett,Dot/MCA Records,MCAD-5809,,,,,Unknown,Downsampled,1986 Dot/MCA Records MCAD-5809,,,,,,,,,,,,,,
,Talich/Czech PO,Dvorak Slavonic Dances,Supraphon,11 0647-2 011,,,,,Unknown,Downsampled,Supraphon 11 0647-2 011,,,,,,,,,,,,,,
,Tangerine Dream,Exit,Virgin,CDV 2212,UK,,Nimbus,,TOC,Downsampled,Virgin CDV 2212 - Made in UK by Nimbus (TOC),,,,,,,,,,,,,,
,Tangerine Dream,Exit,Virgin,CDV 2212 DIDZ 10089,JP,,Sony,DIDZ-10089 11,SUBQ,Downsampled,"Virgin CDV 2212 DIDZ 10089 - Made in Japan by Sony [""3XCSR""] [""Blue Face""]; Matrix: DIDZ-10089 11 (SUBQ)",,,,,,,,,,,,,,
,Terry Herman Trio,Blue Aranjuez,Denon,C38-7010,JP,JP,Denon,7010 D-25,SUBQ,Blue Gecko,Large Stamped Font,,,,,,,,,,,,,,
,Teru Sakamoto Trio,Fancy Jazz Piano,Sony,R-800026,JP,US,CTA,JD-1001,SUBQ,Blue Gecko,Neat font,,,,,,,,,,,,,,
,The Blue Nile,Hats,Linn/A&M,CD 5284,,,,,Unknown,Downsampled,"(1989 US; Linn/A&M CD 5284) [PROMOTIONAL stamp on label], (1989 European; Linn/Virgin LXHCD2)",,,,,,,,,,,,,,
,The Cramps,A Date With Elvis,,,,,,,Unknown,Downsampled,,,,,,,,,,,,,,,
,The Human League,Dare,Virgin,CDV 2192,,,,,Unknown,Downsampled,Virgin CDV 2192 - UK,,,,,,,,,,,,,,
,The Jacksons,Destiny,,EK35552,,,,,Unknown,Downsampled,EK35552,,,,,,,,,,,,,,
,The Jacksons,Triumph,,CDEPC 86112,JP,EU,,,Unknown,Downsampled,"CDEPC 86112 (CSR Japan-for-Europe) / EK36424 (""Now Made In The USA"")",,,,,,,,,,,,,,
,The Jacksons,Triumph,,CDEPC 86112,JP,EU,,,TOC,Downsampled,"CDEPC 86112 (CSR Japan-for-Europe) / EK36424 (""Now Made In The USA"") 32.8P-181 (TOC)",,,,,,,,,,,,,,
,The Moody Blues,The Moody Blues Collection,Castle Communications,CCSCD 105,UK,,,,Unknown,Downsampled,Castle Communications CCSCD 105 - Made in England,,,,,,,,,,,,,,
,The Move,The Collection,Castle Communications,CCSCD 135,,,,,SUBQ,Downsampled,Castle Communications CCSCD 135 (SUBQ),,,,,,,,,,,,,,
,The Mystic Moods/Renée Hamaty,Stormy Memories,Bainbridge,BCD-6284,,,,,Unknown,Downsampled,Bainbridge BCD-6284,,,,,,,,,,,,,,
,The Romantics,In Heat,Nemperor,ZK 38880,JP,,,,Unknown,Downsampled,Nemperor ZK 38880 (35DP matrix) / also US DADC,,,,,,,,,,,,,,
,The Smiths,Hatful Of Hollow,,32JC-129,JP,JP,Sony,,Unknown,Downsampled,32JC-129 (Japan CSR),,,,,,,,,,,,,,
,The Smiths,Meat Is Murder,Tokuma,32JC-108,JP,JP,,,Unknown,Downsampled,(1985) Tokuma Japan 32JC-108 1st Japanese pressing,,,,,,,,,,,,,,
,The Smiths,The Smiths,,35JC-102,,,,,SUBQ,Downsampled,35JC-102 (SUBQ),,,,,,,,,,,,,,
,Thelma Houston & Pressure Cooker,I've Got the Music in Me,Sheffield Lab,CD-2,JP,US,JVC,CD 2 4,SUBQ,Blue Gecko,,,,,,,,,,,,,,,
,Third World,You've Got The Power,CBS/Sony,35DP-36,JP,JP,,35DP-36-1 1A2,SUBQ,Downsampled,(1982) CBS/Sony 35DP-36 1st Japanese Gold-Face pressing.35DP-36-1 1A2 (SUBQ),,,,,,,,,,,,,,
,Todd Wilson,"Duruflé, Organ Music (Complete)",Delos,D/CD 3047,US,US,Shape Optimedia,DLS-CD3047 SOI03,TOC,Blue Gecko,,,,,,,,,,,,,,,
,Tokyo Brass Ensemble,Digital March,Denon,38C37-7027,JP,JP,Denon,7027 1A1,SUBQ,Blue Gecko,Large Stamped Font,,,,,,,,,,,,,,
,Tokyo String Quartet,"Scubert, String Quartets",MMG; Essex,MCD 10004,JP,US,Matsushita,MOS MCD-10004 4,SUBQ,Blue Gecko,Narrow Font Normal--Blank Hub,,,,,,,,,,,,,,
,Tom Petty and the Heartbreakers,Southern Accents,MCA (BMG),"MCAD-5486, DIDX-383, D102813",US,US,JVC,MCAD5486 7J,TOC,Blue Gecko,,,,,,,,,,,,,,,
,Tom Petty and the Heartbreakers,Southern Accents,MCA,"MCAD-5486, DIDX-383",JP,US,JVC,MCAD 5486 M3E,SUBQ,Blue Gecko,,,,,,,,,,,,,,,
,Tom Petty And The Heartbreakers,Southern Accents,,,,,,,SUBQ,Downsampled,US DIDX IFPI (SUBQ),,,,,,,,,,,,,,
,Toto,Hydra,,35DP 42,JP,JP,Sony,,Unknown,Downsampled,,,,,,,,,,,,,,,
,Toto,Hydra,,35DP 42,,,,,Unknown,,,,,,,,,,,,,,,,
,Toto,Isolation,,CDCBS 86305,JP,EU,,,Unknown,,,,,,,,,,,,,,,,
,Toto,Isolation,,CDCBS 86305,JP,EU,,,Unknown,Downsampled,Japan for Europe - CDCBS 86305,,,,,,,,,,,,,,
,Toto,Isolation,CBS/Sony,32DP 181,JP,JP,Sony,,Unknown,Downsampled,,,,,,,,,,,,,,,
,Toto,Isolation,CBS/Sony,32DP 181,JP,,,,Unknown,,,,,,,,,,,,,,,,
,Toto,IV,,35DP 12,JP,JP,,,Unknown,Downsampled,35DP 12 (including “collection box” set),,,,,,,,,,,,,,
,Toto,IV,,35DP 12,,,,,Unknown,,(including “collection box” set),,,,,,,,,,,,,,
,Toto,IV,,CDCBS 85529,,,,,TOC,,450088 2 (CDCBS-85529 41 D14 MASTERED BY DADC AUSTRIA),,,,,,,,,,,,,,
,Toto,IV,,CDCBS 85529,,,,35DP-12 131A11 +++++,SUBQ,,,,,,,,,,,,,,,,
,Toto,IV,,450088 2,,,DADC,,TOC,Downsampled,450088 2 (CDCBS-85529 41 D14 MASTERED BY DADC AUSTRIA) PE flags in TOC,,,,,,,,,,,,,,
,Toto,IV,,CDCBS 85529,,,,35DP-12 131A11 +++++,SUBQ,Downsampled,CDCBS 85529 (matrix 35DP-12 131A11 +++++) (SUBQ),,,,,,,,,,,,,,
,Toto,Turn Back,,35DP 5,JP,JP,,,Unknown,Downsampled,35DP 5 (including “collection box” set),,,,,,,,,,,,,,
,Toto,Turn Back,,CK36813,US,,,DIDP-050005 2 + ++ +++++,TOC,,DADC logo stamped in hub,,,,,,,,,,,,,,
,Toto,Turn Back,,35DP 5,,,,,Unknown,,,,,,,,,,,,,,,,
,Trevor Pinnock,"Vivaldi, Violin Concertos, Op. 8, Nos. 5-10",CRD,3410.0,JP,US,Sanyo,CD3410 504131,TOC,Blue Gecko,,,,,,,,,,,,,,,
,Tsukasa Itoh,Tsukasa,,35JC-5,,,,35JC-5 41A9 +++++,SUBQ,Downsampled,"1983 Japan Record 35JC-5, matrix 35JC-5 41A9 +++++ (SUBQ)",,,,,,,,,,,,,,
,Ultravox,Vienna,,CCD 1296,,,,,Unknown,Downsampled,CCD 1296 (UK Chrysalis),,,,,,,,,,,,,,
,Vaclav Neumann,Czech Philharmonic Orchestra - Dvorak: Symphony no. 6,Supraphon,38C37-7242,,,Denon,,Unknown,drh,rec. 1982,,,,,,,,,,,,,,
,Vaclav Neumann,Czech Philharmonic Orchestra and soloists - Telemann: Concertos,Supraphon,11 0645-2,CS,,,,Unknown,drh,Panton recordings 1981,,,,,,,,,,,,,,
,Vangelis,L'Apocalypse des Animaux,Polydor,831 503-2,,,,,Unknown,Downsampled,,,,,,,,,,,,,,,
,Vangelis,Opera Sauvage,,,,,,,Unknown,Downsampled,"European CD, possibly the same one still in print now",,,,,,,,,,,,,,
,Various artists,Annie (Original Motion Picture Soundtrack),CBS/Sony,35DP-37,JP,JP,Sony,,SUBQ,Downsampled,(1982) CBS/Sony 35DP-37 1st Japanese Gold-Face pressing (SUBQ),,,,,,,,,,,,,,
,Various artists,Burning Ambitions (A History Of Punk),Cherry Red,CD DRED 3,,,,,TOC,Downsampled,Cherry Red : CD DRED 3 (TOC),,,,,,,,,,,,,,
,Various artists,Chess,RCA,PCD2-5340,JP,,JVC,,SUBQ,Downsampled,RCA PCD2-5340 - RCA/Victor Made in Japan 1988 (SUBQ),,,,,,,,,,,,,,
,Various artists,"Cool Jazz, Hot Summer 2",,CDX 009,,,,,TOC,Downsampled,(CDX 009) Projazz label sampler from 1989 - US Discovery Systems (TOC),,,,,,,,,,,,,,
,Various artists,More Adventures in Modern Sound,,WEA 240 568-2,,,,,Unknown,Downsampled,"WEA 240 568-2 (just track 6, What is Love by Howard Jones)",,,,,,,,,,,,,,
,Various artists,She's Having a Baby - OST,,,,,,,Unknown,Downsampled,,,,,,,,,,,,,,,
,Velvet Underground,VU,,,,,,,Unknown,Downsampled,,,,,,,,,,,,,,,
,Walid Akl,"Haydn - ""Complete Works for Keyboard (Vol 3)",Thesis,THC-82011,FR,,,LORDISC DIGIP THC-82011 CD03N,TOC,SimonSaysCake,,,,,,,,,,,,,,,
,Walter Bishop,Milestones,Black Lion Records,,WG,,,,Unknown,Downsampled,Black Lion Records West Germany,,,,,,,,,,,,,,
,Walter Susskind,"Dvořák, Works for Cello and Orchestra & Smetana, The Bartered Bride",MMG; Essex,MWCD 7131,JP,EU,Daio Kosan,89.0,TOC,Blue Gecko,,,,,,,,,,,,,,,
,"Watanabe, Misato",Eyes,Epic/Sony,32・8H-44,,,,,TOC+SUBQ,,1986.0,,,,,,,,,,,,,,
,Weather Report,0.3541666666666667,,50DP 133~4,,,,,Unknown,Downsampled,,,,,,,,,,,,,,,
,Weather Report,Heavy Weather,CBS; Sony,35DP 131,JP,JP,Sony,35DP-131 11,SUBQ,Blue Gecko,Neat Font Reverse--CSR-3X Hub,,,,,,,,,,,,,,
,Weather Report,Night Passage,CBS; Columbia,"CDCBS 84597, DIDP 8",JP,US,Sony,35DP-8-8 1A3,SUBQ,Blue Gecko,Crude Font Reverse--Sony Hub,,,,,,,,,,,,,,
,Weather Report,Night Passage,Columbia,"CK 36793, DIDP 50008",JP,US,Sony,35DP-8-8 1A5,SUBQ,Blue Gecko,Neat Transitional Font Reverse--CSR-3X Hub,,,,,,,,,,,,,,
,Weather Report,Night Passage,Columbia,"CK 36793, DIDP 50008",JP,US,Sony,35DP-8 151A1,SUBQ,Blue Gecko,Neat Font Reverse--CSR-3X Hub,,,,,,,,,,,,,,
,Weather Report,Night Passage,,35DP 8,,,,35DP-8-2 1A7,SUBQ,Downsampled,35DP 8 35DP-8-2 1A7 crude font SUB,,,,,,,,,,,,,,
,Weather Report,Procession,CBS/Sony,35DP 46,,,,35DP-46-1 1A1,SUBQ,Downsampled,"1983, catalog 35DP 46, CBS/Sony, Matrix: 35DP-46-1 1A1 (SUBQ)",,,,,,,,,,,,,,
,Weather Report,Weather Report,,35DP 29,,,,35DP-29 21C2 +++++,SUBQ,Downsampled,35DP 29 Sony Japan 35DP-29 21C2 +++++ neat font SUB,,,,,,,,,,,,,,
,Whitney Houston,Whitney Houston,,,JP,US,,,SUBQ,Downsampled,ARC8212 2A1 5V Japan For US SUB,,,,,,,,,,,,,,
,Whitney Houston,Whitney Houston,,ARCD 8212,JP,US,Denon,ARCD-8212 2A8 61,Unknown,Downsampled,ARCD 8212 [Denon Japan for US; ARCD-8212 2A8 61 dot matrix],,,,,,,,,,,,,,
,Whitney Houston,Whitney Houston,,32RD-1,JP,,JVC,32RD - 31 - T2E05,Unknown,Downsampled,32RD-1 [JVC Japan; 32RD - 31 - T2E05 thin font],,,,,,,,,,,,,,
,Willie Nelson,Always on My Mind,CBS/Sony,35DP 28,JP,JP,Sony,,Unknown,Downsampled,,,,,,,,,,,,,,,
,Willie Nelson,Always on My Mind,CBS,CK 37951,US,,DADC,,Unknown,Downsampled,CBS CK 37951 - Early DADC pressing,,,,,,,,,,,,,,
,Willie Nelson,Somewhere Over The Rainbow,CBS/Sony,35DP 121,JP,JP,Sony,,Unknown,Downsampled,,,,,,,,,,,,,,,
,Wynton Kelly,Kelly Blue,Riverside/Carrere,CA 802 98.916,FR,,,98916 B 5467 A,TOC,SimonSaysCake,,,,,,,,,,,,,,,
,Wynton Marsalis,Think of One,CBS; Columbia,"CK 38641, DIDP-50075",JP,US,Sony,35DP-75 31A1,SUBQ,Blue Gecko,Neat Font Reverse--CSR-3X Hub,,,,,,,,,,,,,,
,Wynton Marsalis,Think of One,CBS; Columbia,"CK 38641, DIDP-50075",JP,US,Sony,35DP-75 41A7,SUBQ,Blue Gecko,Neat Font Reverse--CSR-3X Hub,,,,,,,,,,,,,,
,Wynton Marsalis,Wynton Marsalis,CBS; Columbia,"CK 37574, DIDP 50033",JP,US,Sony,35DP-33 151,SUBQ,Blue Gecko,Neat Font Reverse--CSR-3X Hub,,,,,,,,,,,,,,
,Wynton Marsalis,Wynton Marsalis,CBS; Columbia,"CK 37574, DIDP 50033",JP,US,JVC,DIDP 50033 4E,SUBQ,Blue Gecko,,,,,,,,,,,,,,,
,Yasuko Tomita,Mitsukete Kudasai,Denon,38C31-7213,,,,,SUBQ,Downsampled,"1984.07, Denon 38C31-7213 (SUBQ)",,,,,,,,,,,,,,
,Yasuko Tomita,Shinshunki / Zenki,Columbia,33C31-7412,,,,C31-7412 81 5 10A1 57 7Z,SUBQ,Downsampled,"Columbia 33C31-7412 (released 1985.04.01), matrix: C31-7412 81 5 10A1 57 7Z (SUBQ)",,,,,,,,,,,,,,
,Yellowman,Rambo,Moving Target,MT 003 D,,,,,Unknown,Downsampled,Moving Target MT 003 D - Made in Switzerland,,,,,,,,,,,,,,
,Yuji Toriyama,A Taste Of Paradise,,,,,,,TOC,Downsampled,"1995 bounce-0007, originally issued in 1985 (cat/no D32Y0017), so most likely original issue had PE too (TOC)",,,,,,,,,,,,,,
,Yukie Nagai,"Ravel, Miroirs & Le Tombeau de Couperin",BIS,BIS-CD-246,WG,US,PolyGram,BIS CD 246 2893 276 02,SUBQ,Blue Gecko,,,,,,,,,,,,,,,
,Yumi Arai,Hikouki Gumo,,35XA-1,,,,35XA-1 11A5 +++++,SUBQ,Downsampled,"1973 (first CD release 35XA-1, 1983 November) matrix 35XA-1 11A5 +++++ (SUBQ)",,,,,,,,,,,,,,
,Yuming (Yumi Matsutoya),Pearl Pierce,,CA35-1001,JP,,Sony,CA35-1001-2 1A1,Unknown,Downsampled,"1982 CA35-1001 (released 1982.11.1, this is the very first pressing) matrix CA35-1001-2 1A1 /crude font/, hub stamp: MANUFACTURED BY CBS/SONY RECORDS INC. flagged in subcode only",,,,,,,,,,,,,,
,Zoltán Kocsis,Kocsis Plays Bartók,Denon,C37-7813,JP,JP,Denon,C37-7813 1A2 63,SUBQ,Blue Gecko,Slab Dot Matrix,,,,,,,,,,,,,,
,Zoltán Rozsnyai,"Conducting The Philharmonia Hungarica, Disc One",RealTime,RT 2001,JP,US,Sony,RT 2001-3 1A1,SUBQ,Blue Gecko,Crude Font Reverse--Sony Hub,,,,,,,,,,,,,,
,Zoltán Rozsnyai,"Conducting The Philharmonia Hungarica, Disc Three",RealTime,RT 2004,JP,US,Sony,RT-2004 11A1,SUBQ,Blue Gecko,Neat Font Reverse--CSR-3X Hub,,,,,,,,,,,,,,
,Zoltán Rozsnyai,"Conducting The Philharmonia Hungarica, Disc Two",RealTime,RT 2003,JP,US,Sony,RT-2003 21A2,SUBQ,Blue Gecko,Neat Font Reverse--CSR-3X Hub,,,,,,,,,,,,,,
,"Zoltan Rozsnyai, Philharmonia Hungarica",Digital Masterpiece Series: Disc 3,RealTime,RT-2004,,,,RT-2004 11A1,SUBQ,SimonSaysCake,"""CSR COMPACT DISC"" x 3",,,,,,,,,,,,,,
,Zubin Mehta,"Beethoven, Symphony No. 3 in E-flat Major, Op. 55 'Eroica'",CBS Masterworks,"MK 35883, DIDC 50002",US,US,DADC,DIDC 50002 51A1,TOC,Blue Gecko,,,,,,,,,,,,,,,
,Zubin Mehta,"Strauss, Also sprach Zarathustra",Masterworks; CBS Masterworks,"CD 35888, DIDC 10",JP,EU,Sony,38DC-10-3 1B3 (1),SUBQ,"Blue Gecko
SimonSaysCake",Crude Font Reverse--CSR-3X Hub,,,,,,,,,,,,,,
,Zubin Mehta,"Strauss, Also sprach Zarathustra",Masterworks; CBS Masterworks,MK-35888,JP,US,Sony,38DC-10 3 1B1,SUBQ,SimonSaysCake,CSR COMPACT DISC x 3,,,,,,,,,,,,,,
,Zubin Mehta,"Stravinsky - ""Petrouchka""",CBS Masterworks,MK 35823,JP,,,38DC-11 51,SUBQ,SimonSaysCake,"CSR COMPACT DISC"" x 3",,,,,,,,,,,,,,
,Zubin Mehta,"Stravinsky, The Rite of Spring 'Le Sacre du printemps'",CBS Masterworks,"MK 34557, DIDC 50041",JP,US,Sony,35DC-41 51A1,SUBQ,Blue Gecko,Neat Font Reverse--Sony Hub,,,,,,,,,,,,,,
,Zubin Mehta,"Stravinsky, The Rite of Spring 'Le Sacre du printemps'",CBS Masterworks,"MK 34557, DIDC 50041",JP,US,Sony,35DC-41 51A2,SUBQ,Blue Gecko,Neat Font Reverse--CSR-3X Hub,,,,,,,,,,,,,,
,"Zubin Mehta, New York Philharmonic",Beethoven - Symphony No. 3,CBS Masterworks,MK 35883,,,,,Unknown,Downsampled,UPC: 07464358832,,,,,,,,,,,,,,
,,***********************************,,,,,,,Unknown,,,,,,,,,,,,,,,,
,(Compilation),10 Glorious Organs in Europe,Denon,38C37-7180,JP,JP,Denon,C37-7180 1A11 5Z,SUBQ,Blue Gecko,Slab Dot Matrix,,,,,,,,,,,,,,
,(Compilation),Audio Plus Sampler - .65 Ounces of Pure Digital,Pro-Arte Digital,CDX 007,US,US,Discovery,4E00200A,TOC,Blue Gecko,,,,,,,,,,,,,,,
,(Compilation),"CD Demonstration, Hitachi CD-Demo (Denon TD-9001)",Denon; Hitachi,TD-9001,JP,JP,Denon,C-332 A-2,SUBQ,Blue Gecko,Etched Font,,,,,,,,,,,,,,
,(Compilation),"CD Demonstration, Hitachi CD-Demo (Denon TD-9004)",Denon; Hitachi,TD-9004,JP,JP,Denon,9003 A-44,SUBQ,Blue Gecko,Large Stamped Font,,,,,,,,,,,,,,
,(Compilation),"CD Demonstration, Hitachi CD-Demo (King NKCD-2)",King; Hitachi,NKCD-2,JP,US,Sony,NKCD-2 11A1,SUBQ,Blue Gecko,Neat Font Reverse--CSR-3X Hub,,,,,,,,,,,,,,
,(Compilation),Chess,RCA/Victor,PCD2-5340,US,,,,TOC,,1994.0,,,,,,,,,,,,,,
,(Compilation),Chess,RCA/Victor,PCD2-5340,JP,,,,SUBQ,,1988.0,,,,,,,,,,,,,,
,(Compilation),Compact Test Demonstrations,Pierre Verany,PV. 784031,FR,EU,MPO,PV 784031 06 @,TOC,Blue Gecko,,,,,,,,,,,,,,,
,(Compilation),"Crème de la crème, Gourmet Selections from Sheffield Lab",Sheffield Lab,CD-CRM,US,US,LaserVideo,CIO5025 -0- 12345 12345 CD CRM 10001,SUBQ,Blue Gecko,,,,,,,,,,,,,,,
,(Compilation),First Class Jazz,Realistic,51-5002,JP,US,Sanyo,51-5002 407073,SUBQ,Blue Gecko,,,,,,,,,,,,,,,
,(Compilation),First Class Jazz,Realistic,51-5002,JP,US,Sanyo,51-5002 412011,SUBQ,Blue Gecko,,,,,,,,,,,,,,,
,(Compilation),"Masters of Classical Music, Vol. 2: Johann Sebastian Bach",Laserlight,15 802,,,,,Unknown,,"tracks 5,6,10,14",,,,,,,,,,,,,,
,(Compilation),Real Hot Jazz,RealTime,RT-2002,JP,US,Sony,RT 2002-3 1A1,SUBQ,Blue Gecko,Crude Font Reverse--Sony Hub,,,,,,,,,,,,,,
,(Compilation),Real Hot Jazz,RealTime,RT-2002,JP,US,Sony,RT 2002-3 1A1,SUBQ,Blue Gecko,Crude Font Reverse--Blank Hub,,,,,,,,,,,,,,
,(Compilation),She’s Having a Baby Soundtrack,,,,,,,Unknown,,,,,,,,,,,,,,,,
,(Compilation),"Telarc Sampler, Volume 4",Telarc,"CD-80004, DIDX 1448",US,US,DADC,DIDX 1448 11A4,TOC,Blue Gecko,,,,,,,,,,,,,,,
,(Compilation),"The Digital Domain, A Demonstration",Elektra,9 60303-2,WG,EU,PolyGram,7559 60303-2 2893 273 02,TOC,Blue Gecko,,,,,,,,,,,,,,,
,(Compilation),"The Digital Domain, A Demonstration",Elektra,9 60303-2,WG,US,PolyGram,7559 60303-2 2893 273 07 ✳,TOC,Blue Gecko,,,,,,,,,,,,,,,
,(Compilation),"The Digital Domain, A Demonstration",Elektra,9 60303-2,JP,US,Sanyo,60303-2 606231,SUBQ,Blue Gecko,,,,,,,,,,,,,,,
,(Compilation),The Sax Ascendant,Innova,MN 109,US,US,Discovery,A1HK0100B,TOC,Blue Gecko,,,,,,,,,,,,,,,
,(Compilation),The Sheffield Drum & Track Record,Sheffield Lab,CD-14~20,JP,US,JVC,CD 1420 2,SUBQ,Blue Gecko,,,,,,,,,,,,,,,
,(Compilation),The Sheffield Drum & Track Record,Sheffield Lab,CD-14~20,JP,US,JVC,CD-14 20- S5C,SUBQ,Blue Gecko,,,,,,,,,,,,,,,
,(Compilation),West Side Story: Original Sound Track,CBS/Sony,35DP-59,,,Sony,35DP-59 1,SUBQ,SimonSaysCake,,,,,,,,,,,,,,,
add >,,,,,,,,,,,,,,,,,,,,,,,,,
add >,,,,,,,,,,,,,,,,,,,,,,,,,
add >,,,,,,,,,,,,,,,,,,,,,,,,,
add >,,,,,,,,,,,,,,,,,,,,,,,,,
add >,,,,,,,,,,,,,,,,,,,,,,,,,
add >,,,,,,,,,,,,,,,,,,,,,,,,,
add >,,,,,,,,,,,,,,,,,,,,,,,,,
add >,,,,,,,,,,,,,,,,,,,,,,,,,
add >,,,,,,,,,,,,,,,,,,,,,,,,,
add >,,,,,,,,,,,,,,,,,,,,,,,,,
add >,,,,,,,,,,,,,,,,,,,,,,,,,
add >,,,,,,,,,,,,,,,,,,,,,,,,,
add >,,,,,,,,,,,,,,,,,,,,,,,,,
add >,,,,,,,,,,,,,,,,,,,,,,,,,
add >,,,,,,,,,,,,,,,,,,,,,,,,,
,,,,,,,,,,,,,,,,,,,,,,,,,
,,,,,,,,,,,,,,,,,,,,,,,,,
,,,,,,,,,,,,,,,,,,,,,,,,,
,,,,,,,,,,,,,,,,,,,,,,,,,
,,,,,,,,,,,,,,,,,,,,,,,,,
,,,,,,,,,,,,,,,,,,,,,,,,,
,,,,,,,,,,,,,,,,,,,,,,,,,
,,,,,,,,,,,,,,,,,,,,,,,,,
,,,,,,,,,,,,,,,,,,,,,,,,,
,,,,,,,,,,,,,,,,,,,,,,,,,
,,,,,,,,,,,,,,,,,,,,,,,,,
,,,,,,,,,,,,,,,,,,,,,,,,,
,,,,,,,,,,,,,,,,,,,,,,,,,
,,,,,,,,,,,,,,,,,,,,,,,,,
,,,,,,,,,,,,,,,,,,,,,,,,,
,,,,,,,,,,,,,,,,,,,,,,,,,
,,,,,,,,,,,,,,,,,,,,,,,,,
,,,,,,,,,,,,,,,,,,,,,,,,,
,,,,,,,,,,,,,,,,,,,,,,,,,
,,,,,,,,,,,,,,,,,,,,,,,,,
,,,,,,,,,,,,,,,,,,,,,,,,,
,,,,,,,,,,,,,,,,,,,,,,,,,
,,,,,,,,,,,,,,,,,,,,,,,,,
,,,,,,,,,,,,,,,,,,,,,,,,,
,,,,,,,,,,,,,,,,,,,,,,,,,
,,,,,,,,,,,,,,,,,,,,,,,,,
,,,,,,,,,,,,,,,,,,,,,,,,,
,,,,,,,,,,,,,,,,,,,,,,,,,
,,,,,,,,,,,,,,,,,,,,,,,,,
,,,,,,,,,,,,,,,,,,,,,,,,,
,,,,,,,,,,,,,,,,,,,,,,,,,
,,,,,,,,,,,,,,,,,,,,,,,,,
,,,,,,,,,,,,,,,,,,,,,,,,,
,,,,,,,,,,,,,,,,,,,,,,,,,
,,,,,,,,,,,,,,,,,,,,,,,,,
,,,,,,,,,,,,,,,,,,,,,,,,,
,,,,,,,,,,,,,,,,,,,,,,,,,
,,,,,,,,,,,,,,,,,,,,,,,,,
,,,,,,,,,,,,,,,,,,,,,,,,,
,,,,,,,,,,,,,,,,,,,,,,,,,
,,,,,,,,,,,,,,,,,,,,,,,,,
,,,,,,,,,,,,,,,,,,,,,,,,,
,,,,,,,,,,,,,,,,,,,,,,,,,
,,,,,,,,,,,,,,,,,,,,,,,,,
,,,,,,,,,,,,,,,,,,,,,,,,,
,,,,,,,,,,,,,,,,,,,,,,,,,
,,,,,,,,,,,,,,,,,,,,,,,,,
,,,,,,,,,,,,,,,,,,,,,,,,,
,,,,,,,,,,,,,,,,,,,,,,,,,
,,,,,,,,,,,,,,,,,,,,,,,,,
,,,,,,,,,,,,,,,,,,,,,,,,,
,,,,,,,,,,,,,,,,,,,,,,,,,
,,,,,,,,,,,,,,,,,,,,,,,,,
,,,,,,,,,,,,,,,,,,,,,,,,,
,,,,,,,,,,,,,,,,,,,,,,,,,
,,,,,,,,,,,,,,,,,,,,,,,,,
,,,,,,,,,,,,,,,,,,,,,,,,,
,,,,,,,,,,,,,,,,,,,,,,,,,
,,,,,,,,,,,,,,,,,,,,,,,,,
,,,,,,,,,,,,,,,,,,,,,,,,,
,,,,,,,,,,,,,,,,,,,,,,,,,
,,,,,,,,,,,,,,,,,,,,,,,,,
,,,,,,,,,,,,,,,,,,,,,,,,,
,,,,,,,,,,,,,,,,,,,,,,,,,
,,,,,,,,,,,,,,,,,,,,,,,,,
,,,,,,,,,,,,,,,,,,,,,,,,,
,,,,,,,,,,,,,,,,,,,,,,,,,
,,,,,,,,,,,,,,,,,,,,,,,,,
,,,,,,,,,,,,,,,,,,,,,,,,,
,,,,,,,,,,,,,,,,,,,,,,,,,
,,,,,,,,,,,,,,,,,,,,,,,,,
,,,,,,,,,,,,,,,,,,,,,,,,,
,,,,,,,,,,,,,,,,,,,,,,,,,
,,,,,,,,,,,,,,,,,,,,,,,,,
,,,,,,,,,,,,,,,,,,,,,,,,,
,,,,,,,,,,,,,,,,,,,,,,,,,
,,,,,,,,,,,,,,,,,,,,,,,,,
,,,,,,,,,,,,,,,,,,,,,,,,,
,,,,,,,,,,,,,,,,,,,,,,,,,
,,,,,,,,,,,,,,,,,,,,,,,,,
,,,,,,,,,,,,,,,,,,,,,,,,,
,,,,,,,,,,,,,,,,,,,,,,,,,
,,,,,,,,,,,,,,,,,,,,,,,,,
,,,,,,,,,,,,,,,,,,,,,,,,,
,,,,,,,,,,,,,,,,,,,,,,,,,
,,,,,,,,,,,,,,,,,,,,,,,,,
,,,,,,,,,,,,,,,,,,,,,,,,,
,,,,,,,,,,,,,,,,,,,,,,,,,
,,,,,,,,,,,,,,,,,,,,,,,,,
,,,,,,,,,,,,,,,,,,,,,,,,,
,,,,,,,,,,,,,,,,,,,,,,,,,
,,,,,,,,,,,,,,,,,,,,,,,,,
,,,,,,,,,,,,,,,,,,,,,,,,,
,,,,,,,,,,,,,,,,,,,,,,,,,
,,,,,,,,,,,,,,,,,,,,,,,,,
,,,,,,,,,,,,,,,,,,,,,,,,,
,,,,,,,,,,,,,,,,,,,,,,,,,
,,,,,,,,,,,,,,,,,,,,,,,,,
,,,,,,,,,,,,,,,,,,,,,,,,,
,,,,,,,,,,,,,,,,,,,,,,,,,
,,,,,,,,,,,,,,,,,,,,,,,,,
,,,,,,,,,,,,,,,,,,,,,,,,,
,,,,,,,,,,,,,,,,,,,,,,,,,
,,,,,,,,,,,,,,,,,,,,,,,,,
,,,,,,,,,,,,,,,,,,,,,,,,,
,,,,,,,,,,,,,,,,,,,,,,,,,
,,,,,,,,,,,,,,,,,,,,,,,,,
,,,,,,,,,,,,,,,,,,,,,,,,,
,,,,,,,,,,,,,,,,,,,,,,,,,
,,,,,,,,,,,,,,,,,,,,,,,,,
,,,,,,,,,,,,,,,,,,,,,,,,,
,,,,,,,,,,,,,,,,,,,,,,,,,
,,,,,,,,,,,,,,,,,,,,,,,,,
,,,,,,,,,,,,,,,,,,,,,,,,,
,,,,,,,,,,,,,,,,,,,,,,,,,
,,,,,,,,,,,,,,,,,,,,,,,,,
,,,,,,,,,,,,,,,,,,,,,,,,,
,,,,,,,,,,,,,,,,,,,,,,,,,
,,,,,,,,,,,,,,,,,,,,,,,,,
,,,,,,,,,,,,,,,,,,,,,,,,,
,,,,,,,,,,,,,,,,,,,,,,,,,
,,,,,,,,,,,,,,,,,,,,,,,,,
,,,,,,,,,,,,,,,,,,,,,,,,,
,,,,,,,,,,,,,,,,,,,,,,,,,
,,,,,,,,,,,,,,,,,,,,,,,,,
,,,,,,,,,,,,,,,,,,,,,,,,,
,,,,,,,,,,,,,,,,,,,,,,,,,
,,,,,,,,,,,,,,,,,,,,,,,,,
,,,,,,,,,,,,,,,,,,,,,,,,,
,,,,,,,,,,,,,,,,,,,,,,,,,
,,,,,,,,,,,,,,,,,,,,,,,,,
,,,,,,,,,,,,,,,,,,,,,,,,,
,,,,,,,,,,,,,,,,,,,,,,,,,
,,,,,,,,,,,,,,,,,,,,,,,,,
,,,,,,,,,,,,,,,,,,,,,,,,,
,,,,,,,,,,,,,,,,,,,,,,,,,
,,,,,,,,,,,,,,,,,,,,,,,,,
,,,,,,,,,,,,,,,,,,,,,,,,,
,,,,,,,,,,,,,,,,,,,,,,,,,
,,,,,,,,,,,,,,,,,,,,,,,,,
,,,,,,,,,,,,,,,,,,,,,,,,,
,,,,,,,,,,,,,,,,,,,,,,,,,
,,,,,,,,,,,,,,,,,,,,,,,,,
,,,,,,,,,,,,,,,,,,,,,,,,,
,,,,,,,,,,,,,,,,,,,,,,,,,
,,,,,,,,,,,,,,,,,,,,,,,,,
,,,,,,,,,,,,,,,,,,,,,,,,,
,,,,,,,,,,,,,,,,,,,,,,,,,
,,,,,,,,,,,,,,,,,,,,,,,,,
,,,,,,,,,,,,,,,,,,,,,,,,,
,,,,,,,,,,,,,,,,,,,,,,,,,
,,,,,,,,,,,,,,,,,,,,,,,,,
,,,,,,,,,,,,,,,,,,,,,,,,,
,,,,,,,,,,,,,,,,,,,,,,,,,
,,,,,,,,,,,,,,,,,,,,,,,,,
,,,,,,,,,,,,,,,,,,,,,,,,,
,,,,,,,,,,,,,,,,,,,,,,,,,
,,,,,,,,,,,,,,,,,,,,,,,,,
,,,,,,,,,,,,,,,,,,,,,,,,,
,,,,,,,,,,,,,,,,,,,,,,,,,
,,,,,,,,,,,,,,,,,,,,,,,,,
,,,,,,,,,,,,,,,,,,,,,,,,,
,,,,,,,,,,,,,,,,,,,,,,,,,
,,,,,,,,,,,,,,,,,,,,,,,,,
,,,,,,,,,,,,,,,,,,,,,,,,,
,,,,,,,,,,,,,,,,,,,,,,,,,
,,,,,,,,,,,,,,,,,,,,,,,,,
,,,,,,,,,,,,,,,,,,,,,,,,,
,,,,,,,,,,,,,,,,,,,,,,,,,
,,,,,,,,,,,,,,,,,,,,,,,,,
,,,,,,,,,,,,,,,,,,,,,,,,,
,,,,,,,,,,,,,,,,,,,,,,,,,
,,,,,,,,,,,,,,,,,,,,,,,,,
,,,,,,,,,,,,,,,,,,,,,,,,,
,,,,,,,,,,,,,,,,,,,,,,,,,
,,,,,,,,,,,,,,,,,,,,,,,,,
,,,,,,,,,,,,,,,,,,,,,,,,,
,,,,,,,,,,,,,,,,,,,,,,,,,
,,,,,,,,,,,,,,,,,,,,,,,,,
,,,,,,,,,,,,,,,,,,,,,,,,,
,,,,,,,,,,,,,,,,,,,,,,,,,
,,,,,,,,,,,,,,,,,,,,,,,,,
,,,,,,,,,,,,,,,,,,,,,,,,,
,,,,,,,,,,,,,,,,,,,,,,,,,
,,,,,,,,,,,,,,,,,,,,,,,,,
,,,,,,,,,,,,,,,,,,,,,,,,,
,,,,,,,,,,,,,,,,,,,,,,,,,
,,,,,,,,,,,,,,,,,,,,,,,,,
,,,,,,,,,,,,,,,,,,,,,,,,,
,,,,,,,,,,,,,,,,,,,,,,,,,
,,,,,,,,,,,,,,,,,,,,,,,,,
,,,,,,,,,,,,,,,,,,,,,,,,,
,,,,,,,,,,,,,,,,,,,,,,,,,
,,,,,,,,,,,,,,,,,,,,,,,,,
,,,,,,,,,,,,,,,,,,,,,,,,,
,,,,,,,,,,,,,,,,,,,,,,,,,
,,,,,,,,,,,,,,,,,,,,,,,,,
,,,,,,,,,,,,,,,,,,,,,,,,,
,,,,,,,,,,,,,,,,,,,,,,,,,
,,,,,,,,,,,,,,,,,,,,,,,,,
,,,,,,,,,,,,,,,,,,,,,,,,,
,,,,,,,,,,,,,,,,,,,,,,,,,
,,,,,,,,,,,,,,,,,,,,,,,,,
,,,,,,,,,,,,,,,,,,,,,,,,,
,,,,,,,,,,,,,,,,,,,,,,,,,
,,,,,,,,,,,,,,,,,,,,,,,,,
,,,,,,,,,,,,,,,,,,,,,,,,,
,,,,,,,,,,,,,,,,,,,,,,,,,
,,,,,,,,,,,,,,,,,,,,,,,,,
,,,,,,,,,,,,,,,,,,,,,,,,,
,,,,,,,,,,,,,,,,,,,,,,,,,
,,,,,,,,,,,,,,,,,,,,,,,,,
,,,,,,,,,,,,,,,,,,,,,,,,,
,,,,,,,,,,,,,,,,,,,,,,,,,
,,,,,,,,,,,,,,,,,,,,,,,,,
,,,,,,,,,,,,,,,,,,,,,,,,,
,,,,,,,,,,,,,,,,,,,,,,,,,
,,,,,,,,,,,,,,,,,,,,,,,,,
,,,,,,,,,,,,,,,,,,,,,,,,,
,,,,,,,,,,,,,,,,,,,,,,,,,
,,,,,,,,,,,,,,,,,,,,,,,,,
,,,,,,,,,,,,,,,,,,,,,,,,,
,,,,,,,,,,,,,,,,,,,,,,,,,
,,,,,,,,,,,,,,,,,,,,,,,,,
,,,,,,,,,,,,,,,,,,,,,,,,,
,,,,,,,,,,,,,,,,,,,,,,,,,
,,,,,,,,,,,,,,,,,,,,,,,,,
,,,,,,,,,,,,,,,,,,,,,,,,,
,,,,,,,,,,,,,,,,,,,,,,,,,
,,,,,,,,,,,,,,,,,,,,,,,,,
,,,,,,,,,,,,,,,,,,,,,,,,,
,,,,,,,,,,,,,,,,,,,,,,,,,
,,,,,,,,,,,,,,,,,,,,,,,,,
,,,,,,,,,,,,,,,,,,,,,,,,,
,,,,,,,,,,,,,,,,,,,,,,,,,
,,,,,,,,,,,,,,,,,,,,,,,,,
,,,,,,,,,,,,,,,,,,,,,,,,,
,,,,,,,,,,,,,,,,,,,,,,,,,
,,,,,,,,,,,,,,,,,,,,,,,,,
,,,,,,,,,,,,,,,,,,,,,,,,,
,,,,,,,,,,,,,,,,,,,,,,,,,
,,,,,,,,,,,,,,,,,,,,,,,,,
,,,,,,,,,,,,,,,,,,,,,,,,,
,,,,,,,,,,,,,,,,,,,,,,,,,
,,,,,,,,,,,,,,,,,,,,,,,,,
,,,,,,,,,,,,,,,,,,,,,,,,,
,,,,,,,,,,,,,,,,,,,,,,,,,
,,,,,,,,,,,,,,,,,,,,,,,,,
,,,,,,,,,,,,,,,,,,,,,,,,,
,,,,,,,,,,,,,,,,,,,,,,,,,
,,,,,,,,,,,,,,,,,,,,,,,,,
,,,,,,,,,,,,,,,,,,,,,,,,,
,,,,,,,,,,,,,,,,,,,,,,,,,
,,,,,,,,,,,,,,,,,,,,,,,,,
,,,,,,,,,,,,,,,,,,,,,,,,,
,,,,,,,,,,,,,,,,,,,,,,,,,
,,,,,,,,,,,,,,,,,,,,,,,,,
,,,,,,,,,,,,,,,,,,,,,,,,,
,,,,,,,,,,,,,,,,,,,,,,,,,
,,,,,,,,,,,,,,,,,,,,,,,,,
,,,,,,,,,,,,,,,,,,,,,,,,,
,,,,,,,,,,,,,,,,,,,,,,,,,
,,,,,,,,,,,,,,,,,,,,,,,,,
,,,,,,,,,,,,,,,,,,,,,,,,,
,,,,,,,,,,,,,,,,,,,,,,,,,
,,,,,,,,,,,,,,,,,,,,,,,,,
,,,,,,,,,,,,,,,,,,,,,,,,,
,,,,,,,,,,,,,,,,,,,,,,,,,
,,,,,,,,,,,,,,,,,,,,,,,,,
,,,,,,,,,,,,,,,,,,,,,,,,,
,,,,,,,,,,,,,,,,,,,,,,,,,
,,,,,,,,,,,,,,,,,,,,,,,,,
,,,,,,,,,,,,,,,,,,,,,,,,,
,,,,,,,,,,,,,,,,,,,,,,,,,
,,,,,,,,,,,,,,,,,,,,,,,,,
,,,,,,,,,,,,,,,,,,,,,,,,,
,,,,,,,,,,,,,,,,,,,,,,,,,
,,,,,,,,,,,,,,,,,,,,,,,,,
,,,,,,,,,,,,,,,,,,,,,,,,,
,,,,,,,,,,,,,,,,,,,,,,,,,
,,,,,,,,,,,,,,,,,,,,,,,,,
,,,,,,,,,,,,,,,,,,,,,,,,,
,,,,,,,,,,,,,,,,,,,,,,,,,
,,,,,,,,,,,,,,,,,,,,,,,,,
,,,,,,,,,,,,,,,,,,,,,,,,,
,,,,,,,,,,,,,,,,,,,,,,,,,
,,,,,,,,,,,,,,,,,,,,,,,,,
,,,,,,,,,,,,,,,,,,,,,,,,,
,,,,,,,,,,,,,,,,,,,,,,,,,
,,,,,,,,,,,,,,,,,,,,,,,,,
,,,,,,,,,,,,,,,,,,,,,,,,,
,,,,,,,,,,,,,,,,,,,,,,,,,
,,,,,,,,,,,,,,,,,,,,,,,,,
,,,,,,,,,,,,,,,,,,,,,,,,,
,,,,,,,,,,,,,,,,,,,,,,,,,
,,,,,,,,,,,,,,,,,,,,,,,,,
,,,,,,,,,,,,,,,,,,,,,,,,,
,,,,,,,,,,,,,,,,,,,,,,,,,
,,,,,,,,,,,,,,,,,,,,,,,,,
,,,,,,,,,,,,,,,,,,,,,,,,,
,,,,,,,,,,,,,,,,,,,,,,,,,
,,,,,,,,,,,,,,,,,,,,,,,,,
,,,,,,,,,,,,,,,,,,,,,,,,,
,,,,,,,,,,,,,,,,,,,,,,,,,
,,,,,,,,,,,,,,,,,,,,,,,,,
,,,,,,,,,,,,,,,,,,,,,,,,,
,,,,,,,,,,,,,,,,,,,,,,,,,
,,,,,,,,,,,,,,,,,,,,,,,,,
,,,,,,,,,,,,,,,,,,,,,,,,,
,,,,,,,,,,,,,,,,,,,,,,,,,
,,,,,,,,,,,,,,,,,,,,,,,,,
,,,,,,,,,,,,,,,,,,,,,,,,,
,,,,,,,,,,,,,,,,,,,,,,,,,
,,,,,,,,,,,,,,,,,,,,,,,,,
,,,,,,,,,,,,,,,,,,,,,,,,,
,,,,,,,,,,,,,,,,,,,,,,,,,
,,,,,,,,,,,,,,,,,,,,,,,,,
,,,,,,,,,,,,,,,,,,,,,,,,,
,,,,,,,,,,,,,,,,,,,,,,,,,
,,,,,,,,,,,,,,,,,,,,,,,,,
,,,,,,,,,,,,,,,,,,,,,,,,,
,,,,,,,,,,,,,,,,,,,,,,,,,
,,,,,,,,,,,,,,,,,,,,,,,,,
,,,,,,,,,,,,,,,,,,,,,,,,,
,,,,,,,,,,,,,,,,,,,,,,,,,
,,,,,,,,,,,,,,,,,,,,,,,,,
,,,,,,,,,,,,,,,,,,,,,,,,,
,,,,,,,,,,,,,,,,,,,,,,,,,
,,,,,,,,,,,,,,,,,,,,,,,,,
,,,,,,,,,,,,,,,,,,,,,,,,,
,,,,,,,,,,,,,,,,,,,,,,,,,
,,,,,,,,,,,,,,,,,,,,,,,,,
,,,,,,,,,,,,,,,,,,,,,,,,,
,,,,,,,,,,,,,,,,,,,,,,,,,
,,,,,,,,,,,,,,,,,,,,,,,,,
,,,,,,,,,,,,,,,,,,,,,,,,,
,,,,,,,,,,,,,,,,,,,,,,,,,
,,,,,,,,,,,,,,,,,,,,,,,,,
,,,,,,,,,,,,,,,,,,,,,,,,,
,,,,,,,,,,,,,,,,,,,,,,,,,
,,,,,,,,,,,,,,,,,,,,,,,,,
,,,,,,,,,,,,,,,,,,,,,,,,,
,,,,,,,,,,,,,,,,,,,,,,,,,
,,,,,,,,,,,,,,,,,,,,,,,,,
,,,,,,,,,,,,,,,,,,,,,,,,,
,,,,,,,,,,,,,,,,,,,,,,,,,
,,,,,,,,,,,,,,,,,,,,,,,,,
,,,,,,,,,,,,,,,,,,,,,,,,,
,,,,,,,,,,,,,,,,,,,,,,,,,
,,,,,,,,,,,,,,,,,,,,,,,,,
,,,,,,,,,,,,,,,,,,,,,,,,,
,,,,,,,,,,,,,,,,,,,,,,,,,
